{
  "type": "minecraft:overworld",
  "generator": {
    "biome_source": {
      "seed": 0,
      "large_biomes": false,
      "type": "minecraft:multi_noise",
	  "humidity_noise": {
		"firstOctave": -9,
		"amplitudes": [
		1.0,
		1.0
		]
	  },
	  "altitude_noise": {
		"firstOctave": -8,
		"amplitudes": [
		1.0,
		1.0
		]
	  },
	  "weirdness_noise": {
		"firstOctave": -10,
		"amplitudes": [
		1.0,
		1.0
		]
	  },
	  "temperature_noise": {
		"firstOctave": -9,
		"amplitudes": [
		1.0,
		1.0
		]
	  },
	  "biomes": [
		{
			"biome": "waterworld:desert_boreal",
			"parameters": {
				"temperature": -0.25,
				"humidity": -0.5,
				"altitude": 0.0,
				"weirdness": 0.0,
				"offset": 0.0
			}
		},
		{
			"biome": "waterworld:forest_temperate_birch",
			"parameters": {
				"temperature": 0.0,
				"humidity": -0.5,
				"altitude": 0.0,
				"weirdness": 0.0,
				"offset": 0.0
			}
		},
		{
			"biome": "waterworld:grasslands_temperate",
			"parameters": {
				"temperature": 0.25,
				"humidity": -0.5,
				"altitude": 0.0,
				"weirdness": 0.0,
				"offset": 0.0
			}
		},
		{
			"biome": "waterworld:desert_tropical",
			"parameters": {
				"temperature": 0.5,
				"humidity": -0.5,
				"altitude": 0.0,
				"weirdness": 0.0,
				"offset": 0.0
			}
		},
		{
			"biome": "waterworld:tundra",
			"parameters": {
				"temperature": -0.5,
				"humidity": 0.0,
				"altitude": 0.0,
				"weirdness": 0.0,
				"offset": 0.0
			}
		},
		{
			"biome": "waterworld:forest_boreal",
			"parameters": {
				"temperature": -0.17,
				"humidity": 0.0,
				"altitude": 0.0,
				"weirdness": 0.0,
				"offset": 0.0
			}
		},
		{
			"biome": "waterworld:forest_temperate_mixed",
			"parameters": {
				"temperature": 0.17,
				"humidity": 0.0,
				"altitude": 0.0,
				"weirdness": 0.0,
				"offset": 0.0
			}
		},
		{
			"biome": "waterworld:grasslands_tropical",
			"parameters": {
				"temperature": 0.5,
				"humidity": 0.0,
				"altitude": 0.0,
				"weirdness": 0.0,
				"offset": 0.0
			}
		},
		{
			"biome": "waterworld:rainforest_boreal",
			"parameters": {
				"temperature": -0.17,
				"humidity": 0.5,
				"altitude": 0.0,
				"weirdness": 0.0,
				"offset": 0.0
			}
		},
		{
			"biome": "waterworld:rainforest_temperate",
			"parameters": {
				"temperature": 0.17,
				"humidity": 0.5,
				"altitude": 0.0,
				"weirdness": 0.0,
				"offset": 0.0
			}
		},
		{
			"biome": "waterworld:rainforest_tropical",
			"parameters": {
				"temperature": 0.5,
				"humidity": 0.5,
				"altitude": 0.0,
				"weirdness": 0.0,
				"offset": 0.0
			}
		},
		{
			"biome": "waterworld:badlands_wooded",
			"parameters": {
				"temperature": 0.5,
				"humidity": -0.5,
				"altitude": 1.0,
				"weirdness": 0.0,
				"offset": 0.0
			}
		},
		{
			"biome": "waterworld:pseudo_end",
			"parameters": {
				"temperature": 0.0,
				"humidity": 0.0,
				"altitude": 0.0,
				"weirdness": -1.0,
				"offset": 1.0
			}
		},
		{
			"biome": "waterworld:pseudo_nether",
			"parameters": {
				"temperature": 0.5,
				"humidity": -0.5,
				"altitude": 0.0,
				"weirdness": 1.0,
				"offset": 1.0
			}
		},
		{
			"biome": "waterworld:pseudo_crimson_forest",
			"parameters": {
				"temperature": 0.5,
				"humidity": 0.0,
				"altitude": 0.0,
				"weirdness": 1.0,
				"offset": 1.0
			}
		},
		{
			"biome": "waterworld:pseudo_warped_forest",
			"parameters": {
				"temperature": 0.5,
				"humidity": 0.5,
				"altitude": 0.0,
				"weirdness": 1.0,
				"offset": 1.0
			}
		}
	  ]
    },
    "seed": 0,
    "settings": "minecraft:overworld",
    "type": "minecraft:noise"
  }
}