{
  "config": {
    "feature": {
      "config": {
        "feature": {
          "config": {
            "solid_land_radius": 3,
            "nbt_entries": [
                {
                    "resourcelocation": "ultra_amplified_dimension:hay_bale_pile/large_hay",
                    "weight": 1
                },
                {
                    "resourcelocation": "ultra_amplified_dimension:hay_bale_pile/small_hay",
                    "weight": 1
                }
            ]
          },
          "type": "ultra_amplified_dimension:nbt_feature"
        },
        "decorator": {
          "config": {
            "yoffset": 1
          },
          "type": "ultra_amplified_dimension:y_offset_placer"
        }
      },
      "type": "minecraft:decorated"
    },
    "decorator": {
      "config": {
        "column_passes": 1,
        "valid_spot_chance": 0.15,
        "skip_top_ledge": false,
        "underside_only": false
      },
      "type": "ultra_amplified_dimension:ledge_surface_placer"
    }
  },
  "type": "minecraft:decorated"
}