{
  "config": {
    "feature": {
      "config": {
        "features": [
          {
            "feature": "skylands:mods/tree_mysterywood",
            "chance": 0.01
          }
        ],
        "default": "skylands:mods/tree_cherrywood"
      },
      "type": "minecraft:random_selector"
    },
    "decorator": {
      "config": {
        "count": 0,
        "extra_chance": 0.1,
        "extra_count": 1
      },
      "type": "minecraft:count_extra"
    }
  },
  "type": "minecraft:decorated"
}