{
  "config": {
    "feature": {
      "config": {
        "feature": {
          "config": {
            "features": [
              {
                "feature": "minecraft:fancy_oak",
                "chance": 0.05
              },
              {
                "feature": "minecraft:jungle_bush",
                "chance": 0.15
              },
              {
                "feature": "minecraft:mega_jungle_tree",
                "chance": 0.7
              }
            ],
            "default": {
              "config": {
                "can_replace": false,
                "project": true,
                "need_water": false,
                "xspread": 7,
                "yspread": 3,
                "zspread": 7,
                "whitelist": [],
                "blacklist": [
                  {
                    "Properties": {
                      "snowy": "false"
                    },
                    "Name": "minecraft:podzol"
                  }
                ],
                "tries": 32,
                "state_provider": {
                  "entries": [
                    {
                      "weight": 3,
                      "data": {
                        "Name": "minecraft:grass"
                      }
                    },
                    {
                      "weight": 1,
                      "data": {
                        "Name": "minecraft:fern"
                      }
                    }
                  ],
                  "type": "minecraft:weighted_state_provider"
                },
                "block_placer": {
                  "type": "minecraft:simple_block_placer"
                }
              },
              "type": "minecraft:random_patch"
            }
          },
          "type": "minecraft:random_selector"
        },
        "decorator": {
          "config": {
            "yoffset": 1
          },
          "type": "ultra_amplified_dimension:y_offset_placer"
        }
      },
      "type": "minecraft:decorated"
    },
    "decorator": {
      "config": {
        "column_passes": 8,
        "valid_spot_chance": 0.9,
        "skip_top_ledge": false,
        "underside_only": false
      },
      "type": "ultra_amplified_dimension:ledge_surface_placer"
    }
  },
  "type": "minecraft:decorated"
}