{
  "parent": "minecraft:adventure/sleep_in_bed",
  "display": {
    "icon": {
      "item": "minecraft:diamond_boots",
      "nbt": "{Damage:0}"
    },
    "title": {
      "translate": "advancements.adventure.adventuring_time.title"
    },
    "description": {
      "translate": "advancements.adventure.adventuring_time.description"
    },
    "frame": "challenge",
    "show_toast": true,
    "announce_to_chat": true,
    "hidden": false
  },
  "rewards": {
    "experience": 500
  },
  "criteria": {
    "skylands:frozen_tundra": {
      "trigger": "minecraft:location",
      "conditions": {
        "location": {
          "biome": "skylands:frozen_tundra"
        }
      }
    },
    "skylands:frozen_shrubland": {
      "trigger": "minecraft:location",
      "conditions": {
        "location": {
          "biome": "skylands:frozen_shrubland"
        }
      }
    },
    "skylands:frozen_taiga": {
      "trigger": "minecraft:location",
      "conditions": {
        "location": {
          "biome": "skylands:frozen_taiga"
        }
      }
    },
    "skylands:boreal_desert": {
      "trigger": "minecraft:location",
      "conditions": {
        "location": {
          "biome": "skylands:boreal_desert"
        }
      }
    },
    "skylands:boreal_forest": {
      "trigger": "minecraft:location",
      "conditions": {
        "location": {
          "biome": "skylands:boreal_forest"
        }
      }
    },
    "skylands:boreal_rainforest": {
      "trigger": "minecraft:location",
      "conditions": {
        "location": {
          "biome": "skylands:boreal_rainforest"
        }
      }
    },
    "skylands:temperate_birch_forest": {
      "trigger": "minecraft:location",
      "conditions": {
        "location": {
          "biome": "skylands:temperate_birch_forest"
        }
      }
    },
    "skylands:temperate_mixed_forest": {
      "trigger": "minecraft:location",
      "conditions": {
        "location": {
          "biome": "skylands:temperate_mixed_forest"
        }
      }
    },
    "skylands:marshland": {
      "trigger": "minecraft:location",
      "conditions": {
        "location": {
          "biome": "skylands:marshland"
        }
      }
    },
    "skylands:temperate_grassland": {
      "trigger": "minecraft:location",
      "conditions": {
        "location": {
          "biome": "skylands:temperate_grassland"
        }
      }
    },
    "skylands:flowery_grassland": {
      "trigger": "minecraft:location",
      "conditions": {
        "location": {
          "biome": "skylands:flowery_grassland"
        }
      }
    },
    "skylands:temperate_rainforest": {
      "trigger": "minecraft:location",
      "conditions": {
        "location": {
          "biome": "skylands:temperate_rainforest"
        }
      }
    },
    "skylands:tropical_desert": {
      "trigger": "minecraft:location",
      "conditions": {
        "location": {
          "biome": "skylands:tropical_desert"
        }
      }
    },
    "skylands:tropical_grassland": {
      "trigger": "minecraft:location",
      "conditions": {
        "location": {
          "biome": "skylands:tropical_grassland"
        }
      }
    },
    "skylands:tropical_rainforest": {
      "trigger": "minecraft:location",
      "conditions": {
        "location": {
          "biome": "skylands:tropical_rainforest"
        }
      }
    },
    "skylands:faux_end": {
      "trigger": "minecraft:location",
      "conditions": {
        "location": {
          "biome": "skylands:faux_end"
        }
      }
    },
    "skylands:badlands_mesa": {
      "trigger": "minecraft:location",
      "conditions": {
        "location": {
          "biome": "skylands:badlands_mesa"
        }
      }
    },
    "skylands:barren_mesa": {
      "trigger": "minecraft:location",
      "conditions": {
        "location": {
          "biome": "skylands:barren_mesa"
        }
      }
    },
    "skylands:crystal_mesa": {
      "trigger": "minecraft:location",
      "conditions": {
        "location": {
          "biome": "skylands:crystal_mesa"
        }
      }
    },
    "skylands:prismarine_mesa": {
      "trigger": "minecraft:location",
      "conditions": {
        "location": {
          "biome": "skylands:prismarine_mesa"
        }
      }
    },
    "skylands:mycelium_mesa": {
      "trigger": "minecraft:location",
      "conditions": {
        "location": {
          "biome": "skylands:mycelium_mesa"
        }
      }
    },
    "skylands:faux_soul_sand_valley": {
      "trigger": "minecraft:location",
      "conditions": {
        "location": {
          "biome": "skylands:faux_soul_sand_valley"
        }
      }
    },
    "skylands:faux_basalt_deltas": {
      "trigger": "minecraft:location",
      "conditions": {
        "location": {
          "biome": "skylands:faux_basalt_deltas"
        }
      }
    },
    "skylands:faux_nether_wastes": {
      "trigger": "minecraft:location",
      "conditions": {
        "location": {
          "biome": "skylands:faux_nether_wastes"
        }
      }
    },
    "skylands:faux_crimson_forest": {
      "trigger": "minecraft:location",
      "conditions": {
        "location": {
          "biome": "skylands:faux_crimson_forest"
        }
      }
    },
    "skylands:faux_warped_forest": {
      "trigger": "minecraft:location",
      "conditions": {
        "location": {
          "biome": "skylands:faux_warped_forest"
        }
      }
    }
  },
  "requirements": [
    [
      "skylands:frozen_tundra"
    ],
    [
      "skylands:frozen_shrubland"
    ],
    [
      "skylands:frozen_taiga"
    ],
    [
      "skylands:boreal_desert"
    ],
    [
      "skylands:boreal_forest"
    ],
    [
      "skylands:boreal_rainforest"
    ],
    [
      "skylands:temperate_birch_forest"
    ],
    [
      "skylands:temperate_mixed_forest"
    ],
    [
      "skylands:marshland"
    ],
    [
      "skylands:temperate_grassland"
    ],
    [
      "skylands:flowery_grassland"
    ],
    [
      "skylands:temperate_rainforest"
    ],
    [
      "skylands:tropical_desert"
    ],
    [
      "skylands:tropical_grassland"
    ],
    [
      "skylands:tropical_rainforest"
    ],
    [
      "skylands:faux_end"
    ],
    [
      "skylands:badlands_mesa"
    ],
    [
      "skylands:barren_mesa"
    ],
    [
      "skylands:crystal_mesa"
    ],
    [
      "skylands:prismarine_mesa"
    ],
    [
      "skylands:mycelium_mesa"
    ],
    [
      "skylands:faux_soul_sand_valley"
    ],
    [
      "skylands:faux_basalt_deltas"
    ],
    [
      "skylands:faux_nether_wastes"
    ],
    [
      "skylands:faux_crimson_forest"
    ],
    [
      "skylands:faux_warped_forest"
    ]
  ]
}
