{
  "config": {
    "feature": {
      "config": {
        "feature": {
          "config": {
            "features": [
              {
                "feature": "minecraft:super_birch_bees_0002",
                "chance": 0.05
              },
			  {
                "feature": "minecraft:spruce",
				"chance": 0.1
		      }
            ],
            "default": "minecraft:birch_bees_0002"
          },
          "type": "minecraft:random_selector"
        },
        "decorator": {
          "config": {
            "outer": {
              "config": {},
              "type": "minecraft:square"
            },
            "inner": {
              "config": {},
              "type": "minecraft:heightmap"
            }
          },
          "type": "minecraft:decorated"
        }
      },
      "type": "minecraft:decorated"
    },
    "decorator": {
      "config": {
        "count": 10,
        "extra_chance": 0.1,
        "extra_count": 1
      },
      "type": "minecraft:count_extra"
    }
  },
  "type": "minecraft:decorated"
}