{
  "config": {
    "feature": {
      "config": {
        "feature": {
          "config": {
            "feature": {
              "config": {
                "target": {
                  "block": "minecraft:netherrack",
                  "predicate_type": "minecraft:block_match"
                },
                "state": {
                  "Name": "minecraft:nether_quartz_ore"
                },
                "size": 11
              },
              "type": "ultra_amplified_dimension:ellipsoid_pocket"
            },
            "decorator": {
              "config": {
                "baseline": 72,
                "spread": 65
              },
              "type": "minecraft:depth_average"
            }
          },
          "type": "minecraft:decorated"
        },
        "decorator": {
          "config": {},
          "type": "minecraft:square"
        }
      },
      "type": "minecraft:decorated"
    },
    "decorator": {
      "config": {
        "count": 4,
        "extra_chance": 0,
        "extra_count": 0
      },
      "type": "minecraft:count_extra"
    }
  },
  "type": "minecraft:decorated"
}