{
  "config": {
    "feature": {
      "config": {
        "feature": {
          "config": {
            "feature": {
              "config": {
                "target": {
                  "tag": "minecraft:base_stone_overworld",
                  "predicate_type": "minecraft:tag_match"
                },
                "state": {
                  "Name": "minecraft:iron_ore"
                },
                "size": 7
              },
              "type": "ultra_amplified_dimension:ellipsoid_pocket"
            },
            "decorator": {
              "config": {
                "bottom_offset": 1,
                "top_offset": 0,
                "maximum": 100
              },
              "type": "minecraft:range"
            }
          },
          "type": "minecraft:decorated"
        },
        "decorator": {
          "config": {},
          "type": "minecraft:square"
        }
      },
      "type": "minecraft:decorated"
    },
    "decorator": {
      "config": {
        "count": 4,
        "extra_chance": 0,
        "extra_count": 0
      },
      "type": "minecraft:count_extra"
    }
  },
  "type": "minecraft:decorated"
}