{
    "variants": {
      "": [
        { "model": "block/grass_path","weight":1},
		{ "model": "block/grass_path_a","weight":20},
		{ "model": "block/grass_path_b","weight":10},
		{ "model": "block/grass_path_c","weight":9},
		{ "model": "block/grass_path_d","weight":10},
		{ "model": "block/grass_path_e","weight":15},
		{ "model": "block/grass_path_f","weight":10},
		{ "model": "block/grass_path_g","weight":5},
		{ "model": "block/grass_path_h","weight":5},
		{ "model": "block/grass_path_i","weight":5},
		{ "model": "block/grass_path_j","weight":10}
		]
    }
}
