{
  "config": {
    "feature": {
      "config": {
        "feature": {
          "config": {
            "feature": {
              "config": {
                "state": {
                  "Name": "minecraft:lapis_block"
                },
                "radius": {
                  "base": 1,
                  "spread": 0
                },
                "half_height": 0,
                "targets": [
                  { "Name": "minecraft:ice" }
                ]
              },
              "type": "ultra_amplified_dimension:disk_dry"
            },
            "decorator": {
              "config": {
                "bottom_offset": 75,
                "top_offset": 0,
                "maximum": 145
              },
              "type": "minecraft:range"
            }
          },
          "type": "minecraft:decorated"
        },
        "decorator": {
          "config": {},
          "type": "minecraft:square"
        }
      },
      "type": "minecraft:decorated"
    },
    "decorator": {
      "config": {
        "count": 1,
        "extra_chance": 0.5,
        "extra_count": 1
      },
      "type": "minecraft:count_extra"
    }
  },
  "type": "minecraft:decorated"
}