{
  "condition": "minecraft:alternative",
  "terms": [
    {
      "condition": "minecraft:location_check",
      "predicate": {
        "biome": "skylands:frozen_tundra"
      }
    },
    {
      "condition": "minecraft:location_check",
      "predicate": {
        "biome": "skylands:frozen_shrubland"
      }
    },
    {
      "condition": "minecraft:location_check",
      "predicate": {
        "biome": "skylands:frozen_taiga"
      }
    },
    {
      "condition": "minecraft:location_check",
      "predicate": {
        "biome": "skylands:boreal_desert",
		"position": {
		  "y": {
		    "min": 128
		  }
		}
      }
    },
    {
      "condition": "minecraft:location_check",
      "predicate": {
        "biome": "skylands:boreal_forest",
		"position": {
		  "y": {
		    "min": 128
		  }
		}
      }
    },
    {
      "condition": "minecraft:location_check",
      "predicate": {
        "biome": "skylands:boreal_rainforest",
		"position": {
		  "y": {
		    "min": 128
		  }
		}
      }
    }
  ]
}
