{
  "config": {
    "feature": {
      "config": {
        "feature": {
          "config": {
            "can_replace": false,
            "project": true,
            "need_water": false,
            "xspread": 7,
            "yspread": 3,
            "zspread": 7,
            "whitelist": [],
            "blacklist": [],
            "tries": 16,
            "state_provider": {
              "entries": [
                {
                  "weight": 2,
                  "data": {
                    "Name": "minecraft:poppy"
                  }
                },
                {
                  "weight": 1,
                  "data": {
                    "Name": "minecraft:dandelion"
                  }
                }
              ],
              "type": "minecraft:weighted_state_provider"
            },
            "block_placer": {
              "type": "minecraft:simple_block_placer"
            }
          },
          "type": "minecraft:flower"
        },
        "decorator": {
          "config": {
            "outer": {
              "config": {},
              "type": "minecraft:square"
            },
            "inner": {
              "config": {},
              "type": "minecraft:heightmap"
            }
          },
          "type": "minecraft:decorated"
        }
      },
      "type": "minecraft:decorated"
    },
    "decorator": {
      "config": {
        "count": 0,
        "extra_chance": 0.5,
        "extra_count": 1
      },
      "type": "minecraft:count_extra"
    }
  },
  "type": "minecraft:decorated"
}