{
  "config": {
    "feature": {
      "config": {
        "feature_true": "skylands:plants/huge_red_mushroom",
        "feature_false": "skylands:plants/huge_brown_mushroom"
      },
      "type": "minecraft:random_boolean_selector"
    },
    "decorator": {
      "config": {
        "outer": {
          "config": {},
          "type": "minecraft:square"
        },
        "inner": {
          "config": {},
          "type": "minecraft:heightmap"
        }
      },
      "type": "minecraft:decorated"
    }
  },
  "type": "minecraft:decorated"
}