{
  "config": {
    "feature": {
      "config": {
        "feature": {
          "config": {
            "can_replace": false,
            "project": false,
            "need_water": false,
            "xspread": 7,
            "yspread": 3,
            "zspread": 7,
            "whitelist": [
              {
                "Name": "minecraft:dirt"
              },
	          {
	            "Name": "minecraft:coarse_dirt"
              }
            ],
            "blacklist": [],
            "tries": 128,
            "state_provider": {
              "entries": [
                {
                  "weight": 7,
                  "data": {
                    "Name": "minecraft:grass"
                  }
                },
                {
                  "weight": 7,
                  "data": {
                    "Name": "minecraft:dead_bush"
                  }
                },
                {
                  "weight": 1,
                  "data": {
                    "Name": "minecraft:brown_mushroom"
                  }
                }
              ],
              "type": "minecraft:weighted_state_provider"
            },
            "block_placer": {
              "type": "minecraft:simple_block_placer"
            }
          },
          "type": "minecraft:random_patch"
        },
        "decorator": {
          "config": {
            "bottom_offset": 0,
            "top_offset": 0,
            "maximum": 256
          },
          "type": "minecraft:range"
        }
      },
      "type": "minecraft:decorated"
    },
    "decorator": {
      "config": {
        "count": 64
      },
      "type": "minecraft:count"
    }
  },
  "type": "minecraft:decorated"
}
