{
  "config": {
    "feature": {
      "config": {
        "feature": {
          "config": {
            "feature": "minecraft:blue_ice",
            "decorator": {
              "config": {
                "bottom_offset": 2,
                "top_offset": 0,
                "maximum": 64
              },
              "type": "minecraft:range"
            }
          },
          "type": "minecraft:decorated"
        },
        "decorator": {
          "config": {},
          "type": "minecraft:square"
        }
      },
      "type": "minecraft:decorated"
    },
    "decorator": {
      "config": {
        "count": 20,
        "extra_chance": 0,
        "extra_count": 0
      },
      "type": "minecraft:count_extra"
    }
  },
  "type": "minecraft:decorated"
}