{
  "scale": 0.0,
  "effects": {
    "mood_sound": {
      "sound": "minecraft:ambient.cave",
      "tick_delay": 6000,
      "block_search_extent": 8,
      "offset": 2.0
    },
    "foliage_color": 15663086,
    "grass_color": 15663086,
    "sky_color": 8364543,
    "fog_color": 12638463,
    "water_color": 3750089,
    "water_fog_color": 329011
  },
  "surface_builder": "minecraft:grass",
  "carvers": {
    "air": [
      "minecraft:cave",
      "minecraft:canyon"
    ]
  },
  "features": [
    [],
    [
      "minecraft:lake_water",
      "minecraft:lake_lava"
    ],
    [
      "minecraft:iceberg_packed",
      "minecraft:iceberg_blue",
	  "skylands:boulders/cobblestone_rock"
    ],
    [
      "minecraft:monster_room"
    ],
    [
      "minecraft:blue_ice",
	  "skylands:ground/snow_patch",
      "skylands:ground/ice_patch"
    ],
    [],
    [
	  "skylands:ocean_floor/base",
      "skylands:ocean_floor/floor_cold",
	  "skylands:ocean_floor/hills_cold",
      "skylands:ocean_floor/patch_dirt_cold",
      "skylands:ocean_floor/patch_clay_cold",
	  "skylands:ocean_floor/magma_cold",
	  "skylands:ground/grass_to_coarse_dirt_small",
      "minecraft:ore_dirt",
      "minecraft:ore_gravel",
      "skylands:ground/ore_granite",
      "skylands:ground/ore_diorite",
      "skylands:ground/ore_andesite",
      "skylands:ground/ore_coal",
      "skylands:ground/ore_iron",
      "skylands:ground/ore_gold",
      "skylands:ground/ore_redstone",
      "skylands:ground/ore_diamond",
      "skylands:ground/ore_lapis",
      "minecraft:disk_sand",
      "minecraft:disk_clay",
      "minecraft:disk_gravel",
      "skylands:ground/ore_emerald"
    ],
    [
      "skylands:ground/ore_infested"
    ],
    [
      "skylands:plants/shrub_spruce",
      "skylands:plants/spruce_snowy",
      "minecraft:flower_default",
      "minecraft:patch_grass_badlands",
      "minecraft:brown_mushroom_normal",
      "minecraft:red_mushroom_normal",
      "minecraft:patch_berry_sparse",
      "minecraft:spring_water",
      "minecraft:spring_lava"
    ],
    [
      "minecraft:freeze_top_layer"
    ]
  ],
  "starts": [
    "minecraft:shipwreck",
    "minecraft:ocean_ruin_cold",
    "minecraft:village_snowy",
    "minecraft:igloo",
    "minecraft:monument",
    "minecraft:stronghold",
    "minecraft:pillager_outpost",
    "minecraft:ruined_portal",
    "minecraft:buried_treasure"
  ],
  "spawners": {
    "monster": [
      {
        "type": "minecraft:spider",
        "weight": 100,
        "minCount": 4,
        "maxCount": 4
      },
      {
        "type": "minecraft:zombie",
        "weight": 95,
        "minCount": 4,
        "maxCount": 4
      },
      {
        "type": "minecraft:zombie_villager",
        "weight": 5,
        "minCount": 1,
        "maxCount": 1
      },
      {
        "type": "minecraft:skeleton",
        "weight": 20,
        "minCount": 4,
        "maxCount": 4
      },
      {
        "type": "minecraft:creeper",
        "weight": 100,
        "minCount": 4,
        "maxCount": 4
      },
      {
        "type": "minecraft:slime",
        "weight": 100,
        "minCount": 4,
        "maxCount": 4
      },
      {
        "type": "minecraft:enderman",
        "weight": 10,
        "minCount": 1,
        "maxCount": 4
      },
      {
        "type": "minecraft:witch",
        "weight": 5,
        "minCount": 1,
        "maxCount": 1
      },
      {
        "type": "minecraft:stray",
        "weight": 80,
        "minCount": 4,
        "maxCount": 4
      },
      {
        "type": "minecraft:drowned",
        "weight": 8,
        "minCount": 1,
        "maxCount": 2
      }
    ],
    "creature": [
      {
        "type": "minecraft:rabbit",
        "weight": 10,
        "minCount": 2,
        "maxCount": 3
      },
      {
        "type": "minecraft:fox",
        "weight": 8,
        "minCount": 2,
        "maxCount": 4
      },
      {
        "type": "minecraft:polar_bear",
        "weight": 1,
        "minCount": 1,
        "maxCount": 2
      }
    ],
    "ambient": [
      {
        "type": "minecraft:bat",
        "weight": 10,
        "minCount": 8,
        "maxCount": 8
      }
    ],
    "water_creature": [
      {
        "type": "minecraft:squid",
        "weight": 1,
        "minCount": 1,
        "maxCount": 4
      }
    ],
    "water_ambient": [
      {
        "type": "minecraft:salmon",
        "weight": 15,
        "minCount": 1,
        "maxCount": 5
      }
    ],
    "misc": []
  },
  "spawn_costs": {},
  "player_spawn_friendly": false,
  "precipitation": "snow",
  "temperature": 0.15,
  "downfall": 0.8,
  "category": "ocean",
  "depth": 0.0
}