{
  "config": {
    "max_water_depth": 1,
    "ignore_vines": false,
    "heightmap": "OCEAN_FLOOR",
    "minimum_size": {
      "limit": 1,
      "lower_size": 0,
      "upper_size": 1,
      "type": "minecraft:two_layers_feature_size"
    },
    "decorators": [
      {
        "type": "minecraft:trunk_vine"
      },
      {
        "type": "minecraft:leave_vine"
      }
    ],
    "trunk_provider": {
      "state": {
        "Properties": {
          "axis": "y"
        },
        "Name": "minecraft:oak_log"
      },
      "type": "minecraft:simple_state_provider"
    },
    "leaves_provider": {
      "state": {
        "Properties": {
          "persistent": "false",
          "distance": "6"
        },
        "Name": "minecraft:oak_leaves"
      },
      "type": "minecraft:simple_state_provider"
    },
    "foliage_placer": {
      "radius": 0,
      "offset": 0,
      "height": 0,
      "type": "minecraft:blob_foliage_placer"
    },
    "trunk_placer": {
      "base_height": 6,
      "height_rand_a": 4,
      "height_rand_b": 0,
      "type": "minecraft:straight_trunk_placer"
    }
  },
  "type": "ultra_amplified_dimension:tree_swamp_horned"
}