{
  "scale": 0.0,
  "effects": {
    "mood_sound": {
      "sound": "minecraft:ambient.cave",
      "tick_delay": 6000,
      "block_search_extent": 8,
      "offset": 2.0
    },
    "sky_color": 0,
    "fog_color": 10518688,
    "water_color": 8952234,
    "water_fog_color": 8952234
  },
  "surface_builder": "minecraft:end",
  "carvers": {},
  "features": [
    [],
    [],
    [],
    [],
    [],
    [],
    [
	  "skylands:ocean_floor/base",
      "skylands:ocean_floor/floor_cold",
	  "skylands:ocean_floor/hills_cold",
      "skylands:ocean_floor/patch_sand",
      "skylands:ocean_floor/patch_dirt_cold",
      "skylands:ocean_floor/patch_clay_cold",
	  "skylands:ground/stone_to_end_stone",
      "minecraft:ore_dirt",
      "minecraft:ore_gravel",
      "skylands:ground/ore_granite",
      "skylands:ground/ore_diorite",
      "skylands:ground/ore_andesite",
      "skylands:ground/ore_coal",
      "skylands:ground/ore_iron",
      "skylands:ground/ore_gold",
      "skylands:ground/ore_redstone",
      "skylands:ground/ore_diamond",
      "skylands:ground/ore_lapis"
    ],
    [],
    [
      "minecraft:chorus_plant",
      "minecraft:seagrass_normal",
      "minecraft:seagrass_simple",
      "minecraft:kelp_warm"
    ]
  ],
  "starts": [
    "skylands:shipwreck",
    "minecraft:end_city"
  ],
  "spawners": {
    "monster": [
      {
        "type": "minecraft:enderman",
        "weight": 10,
        "minCount": 4,
        "maxCount": 4
      },
      {
        "type": "minecraft:drowned",
        "weight": 5,
        "minCount": 1,
        "maxCount": 1
      }
    ],
    "creature": [],
    "water_creature": [
      {
        "type": "minecraft:squid",
        "weight": 1,
        "minCount": 1,
        "maxCount": 4
      },
      {
        "type": "minecraft:dolphin",
        "weight": 1,
        "minCount": 1,
        "maxCount": 2
      }
    ],
    "water_ambient": [
      {
        "type": "minecraft:cod",
        "weight": 10,
        "minCount": 3,
        "maxCount": 6
      }
    ],
    "misc": []
  },
  "spawn_costs": {},
  "player_spawn_friendly": false,
  "precipitation": "none",
  "temperature": 0.5,
  "downfall": 0.0,
  "category": "the_end",
  "depth": 0.0
}