{
  "scale": 0.0,
  "effects": {
    "mood_sound": {
      "sound": "minecraft:ambient.basalt_deltas.mood",
      "tick_delay": 6000,
      "block_search_extent": 8,
      "offset": 2.0
    },
    "additions_sound": {
      "sound": "minecraft:ambient.basalt_deltas.additions",
      "tick_chance": 0.0111
    },
    "music": {
      "sound": "minecraft:music.nether.basalt_deltas",
      "min_delay": 12000,
      "max_delay": 24000,
      "replace_current_music": false
    },
    "particle": {
      "options": {
        "type": "minecraft:white_ash"
      },
      "probability": 0.118093334
    },
    "ambient_sound": "minecraft:ambient.basalt_deltas.loop",
    "sky_color": 6684672,
    "fog_color": 6840176,
    "water_color": 10027008,
    "water_fog_color": 10027008
  },
  "surface_builder": "skylands:faux_basalt_deltas",
  "carvers": {
    "air": [
      "minecraft:nether_cave"
    ]
  },
  "features": [
    [],
    [],
    [],
    [],
    [
	  "skylands:faux_nether/delta",
	  "skylands:faux_nether/small_basalt_columns"
	],
    [],
    [
	  "skylands:ocean_floor/base",
      "skylands:ocean_floor/floor_warm",
	  "skylands:ocean_floor/hills_warm",
      "skylands:ocean_floor/patch_gravel",
      "skylands:ocean_floor/patch_dirt_warm",
      "skylands:ocean_floor/patch_clay_warm",
	  "skylands:ocean_floor/magma_warm",
	  "skylands:ocean_floor/magma_cold",
	  "skylands:ground/stone_to_netherrack",
      "minecraft:ore_dirt",
      "minecraft:ore_gravel",
      "skylands:ground/ore_granite",
      "skylands:ground/ore_diorite",
      "skylands:ground/ore_andesite",
      "skylands:ground/ore_coal",
      "skylands:ground/ore_iron",
      "skylands:ground/ore_gold",
      "skylands:ground/ore_redstone",
      "skylands:ground/ore_diamond",
      "skylands:ground/ore_lapis"
    ],
    [
      "skylands:faux_nether/basalt_blobs",
      "skylands:faux_nether/blackstone_blobs",
      "skylands:faux_nether/spring_delta",
      "skylands:faux_nether/patch_fire",
	  "skylands:faux_nether/patch_soul_fire",
      "skylands:faux_nether/glowstone_extra",
      "skylands:faux_nether/glowstone",
      "skylands:faux_nether/brown_mushroom_nether",
      "skylands:faux_nether/red_mushroom_nether",
      "skylands:faux_nether/ore_magma",
      "skylands:faux_nether/spring_closed_double",
      "skylands:faux_nether/ore_gold_nether",
      "skylands:faux_nether/ore_quartz_nether",
	  "skylands:faux_nether/ore_debris_large",
	  "skylands:faux_nether/ore_debris_small",
      "skylands:faux_nether/ore_soul_sand"
    ],
    [
      "minecraft:spring_lava_double",
      "minecraft:seagrass_warm",
      "minecraft:kelp_warm"
    ]
  ],
  "starts": [
    "skylands:shipwreck",
    "minecraft:ruined_portal_nether"
  ],
  "spawners": {
    "monster": [
      {
        "type": "minecraft:ghast",
        "weight": 20,
        "minCount": 0,
        "maxCount": 1
      },
      {
        "type": "minecraft:magma_cube",
        "weight": 100,
        "minCount": 2,
        "maxCount": 5
      },
      {
        "type": "minecraft:drowned",
        "weight": 5,
        "minCount": 1,
        "maxCount": 1
      }
    ],
    "creature": [
      {
        "type": "minecraft:strider",
        "weight": 60,
        "minCount": 1,
        "maxCount": 2
      }
    ],
    "ambient": [
      {
        "type": "minecraft:bat",
        "weight": 10,
        "minCount": 8,
        "maxCount": 8
      }
    ],
    "water_creature": [
      {
        "type": "minecraft:squid",
        "weight": 10,
        "minCount": 1,
        "maxCount": 2
      },
      {
        "type": "minecraft:dolphin",
        "weight": 2,
        "minCount": 1,
        "maxCount": 2
      }
    ],
    "water_ambient": [
      {
        "type": "minecraft:cod",
        "weight": 15,
        "minCount": 3,
        "maxCount": 6
      },
      {
        "type": "minecraft:pufferfish",
        "weight": 5,
        "minCount": 1,
        "maxCount": 3
      },
      {
        "type": "minecraft:tropical_fish",
        "weight": 25,
        "minCount": 8,
        "maxCount": 8
      }
    ],
    "misc": []
  },
  "spawn_costs": {},
  "player_spawn_friendly": false,
  "precipitation": "none",
  "temperature": 2.0,
  "downfall": 0.0,
  "category": "nether",
  "depth": 0.0
}