{
  "bedrock_roof_position": -10,
  "bedrock_floor_position": 0,
  "sea_level": 63,
  "disable_mob_generation": false,
  "structures": {
    "stronghold": {
      "distance": 32,
      "spread": 3,
      "count": 128
    },
    "structures": {
      "minecraft:ocean_ruin": {
        "spacing": 40,
        "separation": 16,
        "salt": 14357621
      },
      "minecraft:bastion_remnant": {
        "spacing": 27,
        "separation": 4,
        "salt": 30084232
      },
      "minecraft:fortress": {
        "spacing": 27,
        "separation": 4,
        "salt": 30084232
      },
      "minecraft:nether_fossil": {
        "spacing": 2,
        "separation": 1,
        "salt": 14357921
      },
      "minecraft:igloo": {
        "spacing": 32,
        "separation": 8,
        "salt": 14357618
      },
      "minecraft:shipwreck": {
        "spacing": 48,
        "separation": 8,
        "salt": 165745295
      },
      "minecraft:swamp_hut": { 
        "spacing": 32, 
        "separation": 8, 
        "salt": 14357620 
      },
      "minecraft:jungle_pyramid": {
        "spacing": 32,
        "separation": 8,
        "salt": 14357619 
      },
      "minecraft:village": { 
        "spacing": 64,
        "separation": 16,
        "salt": 10387312
      },
      "minecraft:ruined_portal": {
        "spacing": 48,
        "separation": 16,
        "salt": 34222645
      },
      "minecraft:endcity": {
        "spacing": 20, 
        "separation": 11, 
        "salt": 10387313 
      },
      "minecraft:buried_treasure": { 
        "spacing": 1, 
        "separation": 0,
        "salt": 0   
      },
      "minecraft:mansion": {
        "spacing": 80,
        "separation": 20,
        "salt": 10387319 
      },
      "minecraft:monument": {
        "spacing": 64, 
        "separation": 16, 
        "salt": 10387313 
      },
      "minecraft:stronghold": {
        "spacing": 1,
        "separation": 0,
        "salt": 0 
      },
      "minecraft:pillager_outpost": {
        "spacing": 64,
        "separation": 16,
        "salt": 165745296
      },
      "minecraft:desert_pyramid": {
        "spacing": 32, 
        "separation": 8, 
        "salt": 14357617
      },
      "minecraft:mineshaft": {
        "spacing": 1,
        "separation": 0,
        "salt": 0
      }
    }
  },
  "noise": {
    "random_density_offset": false,
	"amplified": false,
    "density_factor": 0.0,
    "density_offset": 0.0,
    "simplex_surface_noise": true,
    "size_horizontal": 1,
    "size_vertical": 4,
    "height": 256,
    "sampling": {
      "xz_scale": 2,
      "y_scale": 8,
      "xz_factor": 360.0,
      "y_factor": 80.0
    },
    "top_slide": {
      "target": -10,
      "size": 12,
      "offset": 0
    },
	"bottom_slide": {
      "target": -10,
      "size": 1,
      "offset": 0
    }
  },
  "default_block": {
    "Name": "minecraft:stone"
  },
  "default_fluid": {
    "Properties": {
      "level": "0"
    },
    "Name": "minecraft:water"
  }
}