{
  "config": {
    "feature": {
      "config": {
        "feature": {
          "config": {
            "state": {
              "Name": "minecraft:cobblestone"
            }
          },
          "type": "minecraft:forest_rock"
        },
        "decorator": {
          "config": {
            "bottom_offset": 0,
            "top_offset": 0,
            "maximum": 256
          },
          "type": "minecraft:range"
        }
      },
      "type": "minecraft:decorated"
    },
    "decorator": {
      "config": {
        "count": {
          "base": 0,
          "spread": 2
        }
      },
      "type": "minecraft:count"
    }
  },
  "type": "minecraft:decorated"
}