{	"parent": "block/block",
    "display": {
        "gui": {
            "rotation": [ 30, 135, 0 ],
            "translation": [ 0, 0, 0],
            "scale":[ 0.625, 0.625, 0.625 ]
        },
        "fixed": {
            "rotation": [ 0, 90, 0 ],
            "translation": [ 0, 0, 0],
            "scale":[ 0.5, 0.5, 0.5 ]
        }
    },
    "ambientocclusion": false,
	"textures": {
		"particle": "block/acacia_planks",
		"0": "block/acacia_planks",
		"1": "block/acacia_log_top"
	},
	"elements": [
		{
			"name": "Pfahl 1",
			"from": [6.6, 0, 0.4],
			"to": [9.4, 16, 3.2],
			"faces": {
				"north": {"uv": [0, 5, 15.8, 7], "texture": "#0", "rotation": 90},
				"east": {"uv": [0, 4.75, 15.8, 6.75], "texture": "#0", "rotation": 90},
				"south": {"uv": [0, 5, 15.8, 7], "texture": "#0", "rotation": 90},
				"west": {"uv": [0, 5.25, 15.8, 7.25], "texture": "#0", "rotation": 90},
				"up": {"uv": [0.5, 12.5, 3.3, 15.5], "texture": "#0", "rotation": 90},
				"down": {"uv": [9.5, 12.25, 12.3, 15.25], "texture": "#0", "rotation": 90}
			}
		},
		{
			"name": "Pfahl 2",
			"from": [6.6, 0, 12.8],
			"to": [9.4, 16, 15.6],
			"faces": {
				"north": {"uv": [0, 5, 15.8, 7], "texture": "#0", "rotation": 90},
				"east": {"uv": [0, 5, 15.8, 7.25], "texture": "#0", "rotation": 90},
				"south": {"uv": [0, 5, 15.8, 7], "texture": "#0", "rotation": 90},
				"west": {"uv": [0, 4.75, 15.8, 6.75], "texture": "#0", "rotation": 90},
				"up": {"uv": [11.75, 12.25, 14.55, 15.25], "texture": "#0", "rotation": 90},
				"down": {"uv": [11.75, 12.25, 14.55, 15.25], "texture": "#0", "rotation": 90}
			}
		},
		{
			"name": "Strebe 1",
			"from": [6.6, 8.2, 3.2],
			"to": [9.4, 11, 12.8],
			"faces": {
				"north": {"uv": [1.75, 12.75, 11.35, 15.55], "texture": "#0"},
				"east": {"uv": [1.75, 12.75, 11.35, 15.55], "texture": "#0"},
				"south": {"uv": [1.75, 12.75, 11.35, 15.55], "texture": "#0"},
				"west": {"uv": [5.5, 12, 15.1, 14.8], "texture": "#0"},
				"up": {"uv": [1.75, 12.75, 11.35, 15.55], "texture": "#0"},
				"down": {"uv": [1.75, 12.75, 11.35, 15.55], "texture": "#0"}
			}
		},
		{
			"name": "Strebe 2",
			"from": [6.6, 8.2, 0],
			"to": [9.4, 11, 0.4],
			"faces": {
				"north": {"uv": [9, 12.75, 12.4, 15.55], "texture": "#0"},
				"east": {"uv": [12, 12.75, 12.4, 15.55], "texture": "#0"},
				"south": {"uv": [11.5, 12.75, 14.65, 15.55], "texture": "#0"},
				"west": {"uv": [12, 12.75, 12.4, 15.55], "texture": "#0"},
				"up": {"uv": [12, 12.75, 12.4, 15.55], "texture": "#0"},
				"down": {"uv": [12, 12.75, 12.4, 15.55], "texture": "#0"}
			}
		},
		{
			"name": "Strebe 3",
			"from": [6.6, 8.2, 15.6],
			"to": [9.4, 11, 16],
			"faces": {
				"north": {"uv": [2, 12.5, 5.4, 15.3], "texture": "#0"},
				"east": {"uv": [2, 12.5, 2.4, 15.3], "texture": "#0"},
				"south": {"uv": [2, 12.5, 5.15, 15.3], "texture": "#0"},
				"west": {"uv": [2, 12.5, 2.4, 15.3], "texture": "#0"},
				"up": {"uv": [2, 12.5, 2.4, 15.3], "texture": "#0"},
				"down": {"uv": [2, 12.5, 2.4, 15.3], "texture": "#0"}
			}
		},
		{
			"name": "Latte 1",
			"from": [7.4, 0, 0.2],
			"to": [8.6, 15, 2],
			"faces": {
				"north": {"uv": [0, 12.75, 14.95, 14.5], "texture": "#0", "rotation": 90},
				"east": {"uv": [14, 0, 15.8, 15], "texture": "#0"},
				"south": {"uv": [0, 0, 1.2, 15], "texture": "#0"},
				"west": {"uv": [0.75, 0, 2.55, 15], "texture": "#0"},
				"up": {"uv": [0, 0, 1.2, 1.8], "texture": "#0"},
				"down": {"uv": [0, 0, 1.2, 1.8], "texture": "#0"}
			}
		},
		{
			"name": "Latte 2",
			"from": [7.4, 0, 2.4],
			"to": [8.6, 15, 4.2],
			"faces": {
				"north": {"uv": [0, 5, 15.5, 7], "texture": "#0", "rotation": 90},
				"east": {"uv": [0, 5, 15.5, 7], "texture": "#0", "rotation": 90},
				"south": {"uv": [0, 5, 15.5, 7], "texture": "#0", "rotation": 90},
				"west": {"uv": [0, 5, 15.5, 7], "texture": "#0", "rotation": 90},
				"up": {"uv": [0, 5, 15.5, 7], "texture": "#0", "rotation": 90},
				"down": {"uv": [0, 5, 15.5, 7], "texture": "#0", "rotation": 90}
			}
		},
		{
			"name": "Latte 3",
			"from": [7.4, 0, 4.6],
			"to": [8.6, 15, 6.6],
			"faces": {
				"north": {"uv": [0.5, 13.75, 16, 15.75], "texture": "#0", "rotation": 90},
				"east": {"uv": [0.5, 13.75, 16, 15.75], "texture": "#0", "rotation": 90},
				"south": {"uv": [0.5, 13.75, 16, 15.75], "texture": "#0", "rotation": 90},
				"west": {"uv": [0.5, 13.75, 16, 15.75], "texture": "#0", "rotation": 90},
				"up": {"uv": [0.5, 13.75, 16, 15.75], "texture": "#0", "rotation": 90},
				"down": {"uv": [0.5, 13.75, 16, 15.75], "texture": "#0", "rotation": 90}
			}
		},
		{
			"name": "Latte 4",
			"from": [7.4, 0, 7],
			"to": [8.6, 15, 8.8],
			"faces": {
				"north": {"uv": [0, 4.25, 15.5, 6.25], "texture": "#0", "rotation": 90},
				"east": {"uv": [0, 4.25, 15.5, 6.25], "texture": "#0", "rotation": 90},
				"south": {"uv": [0, 4.25, 15.5, 6.25], "texture": "#0", "rotation": 90},
				"west": {"uv": [0, 4.25, 15.5, 6.25], "texture": "#0", "rotation": 90},
				"up": {"uv": [0, 4.25, 15.5, 6.25], "texture": "#0", "rotation": 90},
				"down": {"uv": [0, 4.25, 15.5, 6.25], "texture": "#0", "rotation": 90}
			}
		},
		{
			"name": "Latte 5",
			"from": [7.4, 0, 9.2],
			"to": [8.6, 15, 11],
			"faces": {
				"north": {"uv": [0, 13, 15.5, 15], "texture": "#0", "rotation": 90},
				"east": {"uv": [0, 13, 15.5, 15], "texture": "#0", "rotation": 90},
				"south": {"uv": [0, 13, 15.5, 15], "texture": "#0", "rotation": 90},
				"west": {"uv": [0, 13, 15.5, 15], "texture": "#0", "rotation": 90},
				"up": {"uv": [0, 13, 15.5, 15], "texture": "#0", "rotation": 90},
				"down": {"uv": [0, 13, 15.5, 15], "texture": "#0", "rotation": 90}
			}
		},
		{
			"name": "Latte 6",
			"from": [7.4, 0, 11.4],
			"to": [8.6, 15, 13.4],
			"faces": {
				"north": {"uv": [0, 5, 15.5, 7], "texture": "#0", "rotation": 90},
				"east": {"uv": [0, 5, 15.5, 7], "texture": "#0", "rotation": 90},
				"south": {"uv": [0, 5, 15.5, 7], "texture": "#0", "rotation": 90},
				"west": {"uv": [0, 5, 15.5, 7], "texture": "#0", "rotation": 90},
				"up": {"uv": [0, 5, 15.5, 7], "texture": "#0", "rotation": 90},
				"down": {"uv": [0, 5, 15.5, 7], "texture": "#0", "rotation": 90}
			}
		},
		{
			"name": "Latte 7",
			"from": [7.4, 0, 13.8],
			"to": [8.6, 15, 15.8],
			"faces": {
				"north": {"uv": [0, 0, 1.2, 15], "texture": "#0"},
				"east": {"uv": [0, 0, 2, 15], "texture": "#0"},
				"south": {"uv": [0, 14, 15.2, 15.75], "texture": "#0", "rotation": 90},
				"west": {"uv": [0, 0, 2, 15], "texture": "#0"},
				"up": {"uv": [0, 0, 1.2, 2], "texture": "#0"},
				"down": {"uv": [0, 0, 1.2, 2], "texture": "#0"}
			}
		},
		{
			"name": "Nagel 1",
			"from": [6.3, 8.8, 0.8],
			"to": [9.7, 9.6, 1.6],
			"rotation": {"angle": 45, "axis": "x", "origin": [7.9, 9.4, 1.4]},
			"faces": {
				"north": {"uv": [0, 0, 1.9, 0.8], "texture": "#1"},
				"east": {"uv": [7, 7.75, 9.05, 9.8], "texture": "#1"},
				"south": {"uv": [0, 0, 1.9, 0.8], "texture": "#1"},
				"west": {"uv": [7, 7.75, 9.05, 9.8], "texture": "#1"},
				"up": {"uv": [0, 0, 1.9, 0.8], "texture": "#1"},
				"down": {"uv": [0, 0, 1.9, 0.8], "texture": "#1"}
			}
		},
		{
			"name": "Nagel 2",
			"from": [6.3, 8.8, 3],
			"to": [9.7, 9.6, 3.8],
			"rotation": {"angle": 45, "axis": "x", "origin": [7.9, 9.4, 3.6]},
			"faces": {
				"north": {"uv": [0, 0, 1.9, 0.8], "texture": "#1"},
				"east": {"uv": [7, 7.75, 9.05, 9.8], "texture": "#1"},
				"south": {"uv": [0, 0, 1.9, 0.8], "texture": "#1"},
				"west": {"uv": [7, 7.75, 9.05, 9.8], "texture": "#1"},
				"up": {"uv": [0, 0, 1.9, 0.8], "texture": "#1"},
				"down": {"uv": [0, 0, 1.9, 0.8], "texture": "#1"}
			}
		},
		{
			"name": "Nagel 3",
			"from": [6.3, 8.8, 5.2],
			"to": [9.7, 9.6, 6],
			"rotation": {"angle": 45, "axis": "x", "origin": [7.9, 9.4, 5.8]},
			"faces": {
				"north": {"uv": [0, 0, 1.9, 0.8], "texture": "#1"},
				"east": {"uv": [7, 7.75, 9.05, 9.8], "texture": "#1"},
				"south": {"uv": [0, 0, 1.9, 0.8], "texture": "#1"},
				"west": {"uv": [7, 7.75, 9.05, 9.8], "texture": "#1"},
				"up": {"uv": [0, 0, 1.9, 0.8], "texture": "#1"},
				"down": {"uv": [0, 0, 1.9, 0.8], "texture": "#1"}
			}
		},
		{
			"name": "Nagel 4",
			"from": [6.3, 8.8, 7.5],
			"to": [9.7, 9.6, 8.3],
			"rotation": {"angle": 45, "axis": "x", "origin": [7.9, 9.4, 8.1]},
			"faces": {
				"north": {"uv": [0, 0, 1.9, 0.8], "texture": "#1"},
				"east": {"uv": [7, 7.75, 9.05, 9.8], "texture": "#1"},
				"south": {"uv": [0, 0, 1.9, 0.8], "texture": "#1"},
				"west": {"uv": [7, 7.75, 9.05, 9.8], "texture": "#1"},
				"up": {"uv": [0, 0, 1.9, 0.8], "texture": "#1"},
				"down": {"uv": [0, 0, 1.9, 0.8], "texture": "#1"}
			}
		},
		{
			"name": "Nagel 5",
			"from": [6.3, 8.8, 9.7],
			"to": [9.7, 9.6, 10.5],
			"rotation": {"angle": 45, "axis": "x", "origin": [7.9, 9.4, 10.3]},
			"faces": {
				"north": {"uv": [0, 0, 1.9, 0.8], "texture": "#1"},
				"east": {"uv": [7, 7.75, 9.05, 9.8], "texture": "#1"},
				"south": {"uv": [0, 0, 1.9, 0.8], "texture": "#1"},
				"west": {"uv": [7, 7.75, 9.05, 9.8], "texture": "#1"},
				"up": {"uv": [0, 0, 1.9, 0.8], "texture": "#1"},
				"down": {"uv": [0, 0, 1.9, 0.8], "texture": "#1"}
			}
		},
		{
			"name": "Nagel 6",
			"from": [6.3, 8.8, 12.1],
			"to": [9.7, 9.6, 12.9],
			"rotation": {"angle": 45, "axis": "x", "origin": [7.9, 9.4, 12.7]},
			"faces": {
				"north": {"uv": [0, 0, 1.9, 0.8], "texture": "#1"},
				"east": {"uv": [7, 7.75, 9.05, 9.8], "texture": "#1"},
				"south": {"uv": [0, 0, 1.9, 0.8], "texture": "#1"},
				"west": {"uv": [7, 7.75, 9.05, 9.8], "texture": "#1"},
				"up": {"uv": [0, 0, 1.9, 0.8], "texture": "#1"},
				"down": {"uv": [0, 0, 1.9, 0.8], "texture": "#1"}
			}
		},
		{
			"name": "Nagel 7",
			"from": [6.3, 8.8, 14.5],
			"to": [9.7, 9.6, 15.3],
			"rotation": {"angle": 45, "axis": "x", "origin": [7.9, 9.4, 15.1]},
			"faces": {
				"north": {"uv": [0, 0, 1.9, 0.8], "texture": "#1"},
				"east": {"uv": [7, 7.75, 9.05, 9.8], "texture": "#1"},
				"south": {"uv": [0, 0, 1.9, 0.8], "texture": "#1"},
				"west": {"uv": [7, 7.75, 9.05, 9.8], "texture": "#1"},
				"up": {"uv": [0, 0, 1.9, 0.8], "texture": "#1"},
				"down": {"uv": [0, 0, 1.9, 0.8], "texture": "#1"}
			}
		},
		{
			"name": "Spitze 1",
			"from": [7.45, 14.4, 0.4125],
			"to": [8.55, 15.7, 1.7125],
			"rotation": {"angle": 45, "axis": "x", "origin": [9.05, 15, 1.0125]},
			"faces": {
				"north": {"uv": [0, 0, 1.1, 1.3], "texture": "#0"},
				"east": {"uv": [14.5, 0, 15.8, 1.3], "texture": "#0"},
				"south": {"uv": [0, 0, 1.1, 1.3], "texture": "#0"},
				"west": {"uv": [3.75, 2.25, 5.05, 3.55], "texture": "#0"},
				"up": {"uv": [0, 0, 1.1, 1.3], "texture": "#0"},
				"down": {"uv": [0, 0, 1.1, 1.3], "texture": "#0"}
			}
		},
		{
			"name": "Spitze 2",
			"from": [7.45, 14.4, 2.6125],
			"to": [8.55, 15.7, 3.9125],
			"rotation": {"angle": 45, "axis": "x", "origin": [9.05, 15, 3.2125]},
			"faces": {
				"north": {"uv": [6.5, 5.25, 7.8, 6.55], "texture": "#0"},
				"east": {"uv": [6.5, 5.25, 7.8, 6.55], "texture": "#0"},
				"south": {"uv": [6.5, 5.25, 7.8, 6.55], "texture": "#0"},
				"west": {"uv": [6.5, 5.25, 7.8, 6.55], "texture": "#0"},
				"up": {"uv": [6.5, 5.25, 7.8, 6.55], "texture": "#0"},
				"down": {"uv": [6.5, 5.25, 7.8, 6.55], "texture": "#0"}
			}
		},
		{
			"name": "Spitze 3",
			"from": [7.45, 14.44, 4.91],
			"to": [8.55, 15.76, 6.23],
			"rotation": {"angle": 45, "axis": "x", "origin": [9.05, 15.04, 5.51]},
			"faces": {
				"north": {"uv": [13, 13.5, 14.31953, 14.81953], "texture": "#0"},
				"east": {"uv": [13, 13.5, 14.31953, 14.81953], "texture": "#0"},
				"south": {"uv": [13, 13.5, 14.31953, 14.81953], "texture": "#0"},
				"west": {"uv": [13, 13.5, 14.31953, 14.81953], "texture": "#0"},
				"up": {"uv": [13, 13.5, 14.31953, 14.81953], "texture": "#0"},
				"down": {"uv": [13, 13.5, 14.31953, 14.81953], "texture": "#0"}
			}
		},
		{
			"name": "Spitze 4",
			"from": [7.45, 14.4, 7.2225],
			"to": [8.55, 15.7, 8.5225],
			"rotation": {"angle": 45, "axis": "x", "origin": [9.05, 15, 7.8225]},
			"faces": {
				"north": {"uv": [5.5, 5.25, 6.8, 6.55], "texture": "#0"},
				"east": {"uv": [5.5, 5.25, 6.8, 6.55], "texture": "#0"},
				"south": {"uv": [5.5, 5.25, 6.8, 6.55], "texture": "#0"},
				"west": {"uv": [5.5, 5.25, 6.8, 6.55], "texture": "#0"},
				"up": {"uv": [5.5, 5.25, 6.8, 6.55], "texture": "#0"},
				"down": {"uv": [5.5, 5.25, 6.8, 6.55], "texture": "#0"}
			}
		},
		{
			"name": "Spitze 5",
			"from": [7.45, 14.4, 9.42],
			"to": [8.55, 15.7, 10.72],
			"rotation": {"angle": 45, "axis": "x", "origin": [9.05, 15, 10.02]},
			"faces": {
				"north": {"uv": [12.5, 13.75, 13.8, 15.05], "texture": "#0"},
				"east": {"uv": [12.5, 13.75, 13.8, 15.05], "texture": "#0"},
				"south": {"uv": [12.5, 13.75, 13.8, 15.05], "texture": "#0"},
				"west": {"uv": [12.5, 13.75, 13.8, 15.05], "texture": "#0"},
				"up": {"uv": [12.5, 13.75, 13.8, 15.05], "texture": "#0"},
				"down": {"uv": [12.5, 13.75, 13.8, 15.05], "texture": "#0"}
			}
		},
		{
			"name": "Spitze 6",
			"from": [7.45, 14.44, 11.71],
			"to": [8.55, 15.76, 13.03],
			"rotation": {"angle": 45, "axis": "x", "origin": [9.05, 15.04, 12.31]},
			"faces": {
				"north": {"uv": [6.25, 5.75, 7.56953, 7.06953], "texture": "#0"},
				"east": {"uv": [6.25, 5.75, 7.56953, 7.06953], "texture": "#0"},
				"south": {"uv": [6.25, 5.75, 7.56953, 7.06953], "texture": "#0"},
				"west": {"uv": [6.25, 5.75, 7.56953, 7.06953], "texture": "#0"},
				"up": {"uv": [6.25, 5.75, 7.56953, 7.06953], "texture": "#0"},
				"down": {"uv": [6.25, 5.75, 7.56953, 7.06953], "texture": "#0"}
			}
		},
		{
			"name": "Spitze 7",
			"from": [7.45, 14.44, 14.12],
			"to": [8.55, 15.76, 15.44],
			"rotation": {"angle": 45, "axis": "x", "origin": [9.05, 15.04, 14.72]},
			"faces": {
				"north": {"uv": [0, 0, 1.1, 1.32], "texture": "#0"},
				"east": {"uv": [0, 0, 1.32, 1.32], "texture": "#0"},
				"south": {"uv": [0, 0, 1.1, 1.32], "texture": "#0"},
				"west": {"uv": [0, 0, 1.32, 1.32], "texture": "#0"},
				"up": {"uv": [0, 0, 1.1, 1.32], "texture": "#0"},
				"down": {"uv": [0, 0, 1.1, 1.32], "texture": "#0"}
			}
		}
	]
}