{
	"textures": {
		"particle": "block/acacia_planks",
		"0": "block/acacia_planks",
		"1": "block/acacia_log_top"
	},
	"elements": [
		{
			"name": "Strebe 1",
			"from": [6.6, 8.2, 0],
			"to": [9.4, 11, 6.6],
			"faces": {
				"north": {"uv": [5.75, 4.5, 12.05, 6.95], "texture": "#0"},
				"east": {"uv": [5.75, 4.5, 12.05, 6.95], "texture": "#0"},
				"south": {"uv": [5.75, 4.5, 12.05, 6.95], "texture": "#0"},
				"west": {"uv": [5.75, 4.5, 12.05, 6.95], "texture": "#0"},
				"up": {"uv": [5.75, 4.5, 12.05, 6.95], "texture": "#0", "rotation": 90},
				"down": {"uv": [5.75, 4.5, 12.05, 6.95], "texture": "#0", "rotation": 90}
			}
		},
		{
			"name": "Latte 1",
			"from": [7.41, 0, -0.8],
			"to": [8.61, 15, 1],
			"faces": {
				"north": {"uv": [0, 5, 15.55, 6.75], "texture": "#0", "rotation": 90},
				"east": {"uv": [0, 5, 15.55, 6.75], "texture": "#0", "rotation": 90},
				"south": {"uv": [0, 5, 15.55, 6.75], "texture": "#0", "rotation": 90},
				"west": {"uv": [0, 5, 15.55, 6.75], "texture": "#0", "rotation": 90},
				"up": {"uv": [0, 5, 15.55, 6.75], "texture": "#0", "rotation": 90},
				"down": {"uv": [0, 5, 15.55, 6.75], "texture": "#0", "rotation": 90}
			}
		},
		{
			"name": "Latte 2",
			"from": [7.4, 0, 1.4],
			"to": [8.6, 15, 3.2],
			"faces": {
				"north": {"uv": [0, 5, 15.55, 6.75], "texture": "#0", "rotation": 90},
				"east": {"uv": [0, 13.25, 15.55, 15], "texture": "#0", "rotation": 90},
				"south": {"uv": [0, 5, 15.55, 6.75], "texture": "#0", "rotation": 90},
				"west": {"uv": [0, 13.5, 15.55, 15.25], "texture": "#0", "rotation": 90},
				"up": {"uv": [0, 5, 15.55, 6.75], "texture": "#0", "rotation": 90},
				"down": {"uv": [0, 5, 15.55, 6.75], "texture": "#0", "rotation": 90}
			}
		},
		{
			"name": "Latte 3",
			"from": [7.4, 0, 3.6],
			"to": [8.6, 15, 5.6],
			"faces": {
				"north": {"uv": [0, 5, 15.55, 6.75], "texture": "#0"},
				"east": {"uv": [0, 5, 15.55, 6.75], "texture": "#0", "rotation": 90},
				"south": {"uv": [0, 5, 15.55, 6.75], "texture": "#0"},
				"west": {"uv": [0, 4.75, 15.55, 6.5], "texture": "#0", "rotation": 90},
				"up": {"uv": [0, 5, 15.55, 6.75], "texture": "#0"},
				"down": {"uv": [0, 5, 15.55, 6.75], "texture": "#0"}
			}
		},
		{
			"name": "Latte 4",
			"from": [7.4, 0, 6],
			"to": [8.6, 15, 7.8],
			"faces": {
				"north": {"uv": [0, 0, 1.2, 15], "texture": "#0"},
				"east": {"uv": [0.75, 13.5, 15.55, 15.25], "texture": "#0", "rotation": 90},
				"south": {"uv": [0, 5.25, 15.45, 7], "texture": "#0", "rotation": 90},
				"west": {"uv": [0.25, 13.5, 15.8, 15.25], "texture": "#0", "rotation": 270},
				"up": {"uv": [0, 0, 1.2, 1.8], "texture": "#0"},
				"down": {"uv": [0, 0, 1.2, 1.8], "texture": "#0"}
			}
		},
		{
			"name": "Nagel 1",
			"from": [6.31, 8.8, -0.2],
			"to": [9.71, 9.6, 0.6],
			"rotation": {"angle": 45, "axis": "x", "origin": [7.91, 9.4, 0.4]},
			"faces": {
				"north": {"uv": [0, 0, 1.85, 0.7], "texture": "#1"},
				"east": {"uv": [6.5, 7.5, 9.1, 10.2], "texture": "#1"},
				"south": {"uv": [0, 0, 1.85, 0.7], "texture": "#1"},
				"west": {"uv": [6.5, 7.5, 9.1, 10.2], "texture": "#1"},
				"up": {"uv": [0, 0, 1.85, 0.7], "texture": "#1"},
				"down": {"uv": [0, 0, 1.85, 0.7], "texture": "#1"}
			}
		},
		{
			"name": "Nagel 2",
			"from": [6.3, 8.8, 2],
			"to": [9.7, 9.6, 2.8],
			"rotation": {"angle": 45, "axis": "x", "origin": [7.9, 9.4, 2.6]},
			"faces": {
				"north": {"uv": [0, 0, 1.85, 0.7], "texture": "#1"},
				"east": {"uv": [6.5, 7.5, 9.1, 10.2], "texture": "#1"},
				"south": {"uv": [0, 0, 1.85, 0.7], "texture": "#1"},
				"west": {"uv": [6.5, 7.5, 9.1, 10.2], "texture": "#1"},
				"up": {"uv": [0, 0, 1.85, 0.7], "texture": "#1"},
				"down": {"uv": [0, 0, 1.85, 0.7], "texture": "#1"}
			}
		},
		{
			"name": "Nagel 3",
			"from": [6.3, 8.8, 4.2],
			"to": [9.7, 9.6, 5],
			"rotation": {"angle": 45, "axis": "x", "origin": [7.9, 9.4, 4.8]},
			"faces": {
				"north": {"uv": [0, 0, 1.85, 0.7], "texture": "#1"},
				"east": {"uv": [6.5, 7.5, 9.1, 10.2], "texture": "#1"},
				"south": {"uv": [0, 0, 1.85, 0.7], "texture": "#1"},
				"west": {"uv": [6.5, 7.5, 9.1, 10.2], "texture": "#1"},
				"up": {"uv": [0, 0, 1.85, 0.7], "texture": "#1"},
				"down": {"uv": [0, 0, 1.85, 0.7], "texture": "#1"}
			}
		},
		{
			"name": "Nagel 4",
			"from": [6.3, 8.8, 6.5],
			"to": [9.7, 9.6, 7.3],
			"rotation": {"angle": 45, "axis": "x", "origin": [7.9, 9.4, 7.1]},
			"faces": {
				"north": {"uv": [0, 0, 1.85, 0.7], "texture": "#1"},
				"east": {"uv": [6.5, 7.5, 9.1, 10.2], "texture": "#1"},
				"south": {"uv": [0, 0, 1.85, 0.7], "texture": "#1"},
				"west": {"uv": [6.5, 7.5, 9.1, 10.2], "texture": "#1"},
				"up": {"uv": [0, 0, 1.85, 0.7], "texture": "#1"},
				"down": {"uv": [0, 0, 1.85, 0.7], "texture": "#1"}
			}
		},
		{
			"name": "Spitze 1",
			"from": [7.451, 14.4, -0.5875],
			"to": [8.551, 15.7, 0.7125],
			"rotation": {"angle": 45, "axis": "x", "origin": [9.051, 15, 0.0125]},
			"faces": {
				"north": {"uv": [0, 0, 1.3, 1.3], "texture": "#0"},
				"east": {"uv": [0, 0, 1.3, 1.3], "texture": "#0"},
				"south": {"uv": [0, 0, 1.3, 1.3], "texture": "#0"},
				"west": {"uv": [8, 5.5, 9.3, 6.8], "texture": "#0"},
				"up": {"uv": [0, 0, 1.3, 1.3], "texture": "#0"},
				"down": {"uv": [0, 0, 1.3, 1.3], "texture": "#0"}
			}
		},
		{
			"name": "Spitze 2",
			"from": [7.45, 14.4, 1.6125],
			"to": [8.55, 15.7, 2.9125],
			"rotation": {"angle": 45, "axis": "x", "origin": [9.05, 15, 2.2125]},
			"faces": {
				"north": {"uv": [13.5, 13.5, 14.8, 14.8], "texture": "#0"},
				"east": {"uv": [13.5, 13.5, 14.8, 14.8], "texture": "#0"},
				"south": {"uv": [13.5, 13.5, 14.8, 14.8], "texture": "#0"},
				"west": {"uv": [13.5, 13.5, 14.8, 14.8], "texture": "#0"},
				"up": {"uv": [13.5, 13.5, 14.8, 14.8], "texture": "#0"},
				"down": {"uv": [13.5, 13.5, 14.8, 14.8], "texture": "#0"}
			}
		},
		{
			"name": "Spitze 3",
			"from": [7.45, 14.44, 3.91],
			"to": [8.55, 15.76, 5.23],
			"rotation": {"angle": 45, "axis": "x", "origin": [9.05, 15.04, 4.51]},
			"faces": {
				"north": {"uv": [6.25, 5.25, 7.56953, 6.56953], "texture": "#0"},
				"east": {"uv": [6.25, 5.25, 7.56953, 6.56953], "texture": "#0"},
				"south": {"uv": [6.25, 5.25, 7.56953, 6.56953], "texture": "#0"},
				"west": {"uv": [6.25, 5.25, 7.56953, 6.56953], "texture": "#0"},
				"up": {"uv": [6.25, 5.25, 7.56953, 6.56953], "texture": "#0"},
				"down": {"uv": [6.25, 5.25, 7.56953, 6.56953], "texture": "#0"}
			}
		},
		{
			"name": "Spitze 4",
			"from": [7.45, 14.4, 6.2225],
			"to": [8.55, 15.7, 7.5225],
			"rotation": {"angle": 45, "axis": "x", "origin": [9.05, 15, 6.8225]},
			"faces": {
				"north": {"uv": [11.25, 13.5, 12.55, 14.8], "texture": "#0"},
				"east": {"uv": [11.25, 13.5, 12.55, 14.8], "texture": "#0"},
				"south": {"uv": [11.25, 13.5, 12.55, 14.8], "texture": "#0"},
				"west": {"uv": [11.25, 13.5, 12.55, 14.8], "texture": "#0"},
				"up": {"uv": [11.25, 13.5, 12.55, 14.8], "texture": "#0"},
				"down": {"uv": [11.25, 13.5, 12.55, 14.8], "texture": "#0"}
			}
		}
	]
}