{   "parent": "block/block",
    "display": {
        "gui": {
            "rotation": [ 30, 45, 0 ],
            "translation": [ 0, -1, 0],
            "scale":[ 0.8, 0.8, 0.8 ]
        },
        "head": {
            "rotation": [ 0, 0, 0 ],
            "translation": [ 0, -3, -6],
            "scale":[ 1, 1, 1]
        }
    },
	"textures": {
		"particle": "block/birch_planks",
		"0": "block/birch_planks"
		
	},
	"elements": [
		{
			"name": "Pfahl 1",
			"from": [0, 0, 7.3],
			"to": [1.4, 16, 8.7],
			"faces": {
				"north": {"uv": [6.5, 0, 8.9, 16], "texture": "#0"},
				"east": {"uv": [6.5, 0, 8.9, 16], "texture": "#0"},
				"south": {"uv": [7.5, 0, 8.9, 16], "texture": "#0"},
				"west": {"uv": [6.5, 0, 8.9, 16], "texture": "#0"},
				"up": {"uv": [6.5, 10, 8.9, 12.5], "texture": "#0"},
				"down": {"uv": [6.5, 8.5, 8.9, 11], "texture": "#0"}
			}
		},
		{
			"name": "Pfahl 2",
			"from": [14.6, 0, 7.3],
			"to": [16, 16, 8.7],
			"faces": {
				"north": {"uv": [7.75, 0, 9.15, 16], "texture": "#0"},
				"east": {"uv": [6.5, 0, 8.9, 16], "texture": "#0"},
				"south": {"uv": [8, 1.75, 9.4, 16], "texture": "#0"},
				"west": {"uv": [6.5, 0, 8.9, 16], "texture": "#0"},
				"up": {"uv": [10, 5.25, 12.4, 7.75], "texture": "#0"},
				"down": {"uv": [0.25, 6.25, 2.65, 8.75], "texture": "#0"}
			}
		},
		{
			"name": "Strebe 1",
			"from": [6.6, 1, 7.3],
			"to": [8, 15, 8.7],
			"faces": {
				"north": {"uv": [6.75, 0, 8.15, 16], "texture": "#0"},
				"east": {"uv": [6.5, 0, 8.9, 16], "texture": "#0"},
				"south": {"uv": [8, 0, 9.4, 16], "texture": "#0"},
				"west": {"uv": [6.5, 0, 8.9, 16], "texture": "#0"},
				"up": {"uv": [6.5, 10, 8.9, 12.5], "texture": "#0"},
				"down": {"uv": [6.5, 8.5, 8.9, 11], "texture": "#0"}
			}
		},
		{
			"name": "Strebe 2",
			"from": [8, 1, 7.3],
			"to": [9.4, 15, 8.7],
			"faces": {
				"north": {"uv": [6.5, 0, 8.9, 16], "texture": "#0"},
				"east": {"uv": [6.5, 0, 8.9, 16], "texture": "#0"},
				"south": {"uv": [6.5, 0, 8.9, 16], "texture": "#0"},
				"west": {"uv": [6.5, 0, 8.9, 16], "texture": "#0"},
				"up": {"uv": [6.5, 10, 8.9, 12.5], "texture": "#0"},
				"down": {"uv": [6.5, 8.5, 8.9, 11], "texture": "#0"}
			}
		},
		{
			"name": "Latte 1",
			"from": [1.4, 13.5, 7.5],
			"to": [6.6, 14.5, 8.5],
			"rotation": {"angle": -45, "axis": "x", "origin": [9.4, 14, 8]},
			"faces": {
				"north": {"uv": [7.25, 7.5, 8.75, 13.5], "texture": "#0", "rotation": 90},
				"east": {"uv": [7.25, 7.5, 8.75, 13.5], "texture": "#0", "rotation": 90},
				"south": {"uv": [7.25, 7.5, 8.75, 13.5], "texture": "#0", "rotation": 90},
				"west": {"uv": [7.25, 7.5, 8.75, 13.5], "texture": "#0", "rotation": 90},
				"up": {"uv": [7.25, 7.5, 8.75, 13.5], "texture": "#0", "rotation": 90},
				"down": {"uv": [7.25, 7.5, 8.75, 13.5], "texture": "#0", "rotation": 90}
			}
		},
		{
			"name": "Latte c 1",
			"from": [1.4, 13.5, 7.5],
			"to": [6.6, 14.5, 8.5],
			"faces": {
				"north": {"uv": [7.25, 7.5, 8.75, 13.5], "texture": "#0", "rotation": 90},
				"east": {"uv": [7.25, 7.5, 8.75, 13.5], "texture": "#0", "rotation": 90},
				"south": {"uv": [7.25, 3.5, 8.75, 9.5], "texture": "#0", "rotation": 90},
				"west": {"uv": [7.25, 7.5, 8.75, 13.5], "texture": "#0", "rotation": 90},
				"up": {"uv": [7.25, 7.5, 8.75, 13.5], "texture": "#0", "rotation": 90},
				"down": {"uv": [7.25, 7.5, 8.75, 13.5], "texture": "#0", "rotation": 90}
			}
		},
		{
			"name": "Latte 2",
			"from": [0.1, 9.5, 7.5],
			"to": [7, 10.5, 8.5],
			"rotation": {"angle": -45, "axis": "x", "origin": [8.1, 10, 8]},
			"faces": {
				"north": {"uv": [7.25, 7.5, 8.75, 13.5], "texture": "#0", "rotation": 90},
				"east": {"uv": [7.25, 7.5, 8.75, 13.5], "texture": "#0", "rotation": 90},
				"south": {"uv": [7.25, 7.5, 8.75, 13.5], "texture": "#0", "rotation": 90},
				"west": {"uv": [7.25, 7.5, 8.75, 13.5], "texture": "#0", "rotation": 90},
				"up": {"uv": [7.25, 7.5, 8.75, 13.5], "texture": "#0", "rotation": 90},
				"down": {"uv": [7.25, 7.5, 8.75, 13.5], "texture": "#0", "rotation": 90}
			}
		},
		{
			"name": "Latte c 2",
			"from": [1.4, 9.5, 7.5],
			"to": [6.6, 10.5, 8.5],
			"faces": {
				"north": {"uv": [7, 0, 8, 16], "texture": "#0", "rotation": 270},
				"east": {"uv": [3.75, 15, 4.75, 16], "texture": "#0", "rotation": 180},
				"south": {"uv": [0.5, 4.25, 2, 10.25], "texture": "#0", "rotation": 90},
				"west": {"uv": [7, 3, 8, 4], "texture": "#0"},
				"up": {"uv": [7, 0, 8, 16], "texture": "#0", "rotation": 90},
				"down": {"uv": [7, 0, 8, 16], "texture": "#0", "rotation": 270}
			}
		},
		{
			"name": "Latte 3",
			"from": [0.1, 5.5, 7.5],
			"to": [7, 6.5, 8.5],
			"rotation": {"angle": -45, "axis": "x", "origin": [8.1, 6, 8]},
			"faces": {
				"north": {"uv": [4, 7.25, 5.5, 13.25], "texture": "#0", "rotation": 90},
				"east": {"uv": [4, 7.25, 5.5, 13.25], "texture": "#0", "rotation": 90},
				"south": {"uv": [4, 7.25, 5.5, 13.25], "texture": "#0", "rotation": 90},
				"west": {"uv": [4, 7.25, 5.5, 13.25], "texture": "#0", "rotation": 90},
				"up": {"uv": [4, 7.25, 5.5, 13.25], "texture": "#0", "rotation": 90},
				"down": {"uv": [4, 7.25, 5.5, 13.25], "texture": "#0", "rotation": 90}
			}
		},
		{
			"name": "Latte c 3",
			"from": [1.4, 9.5, 7.5],
			"to": [6.6, 10.5, 8.5],
			"faces": {
				"north": {"uv": [7, 0, 8, 16], "texture": "#0", "rotation": 270},
				"east": {"uv": [3.75, 15, 4.75, 16], "texture": "#0", "rotation": 180},
				"south": {"uv": [0.5, 4.25, 2, 10.25], "texture": "#0", "rotation": 90},
				"west": {"uv": [7, 3, 8, 4], "texture": "#0"},
				"up": {"uv": [7, 0, 8, 16], "texture": "#0", "rotation": 90},
				"down": {"uv": [7, 0, 8, 16], "texture": "#0", "rotation": 270}
			}
		},
		{
			"name": "Latte 4",
			"from": [0.1, 1.5, 7.5],
			"to": [7, 2.5, 8.5],
			"rotation": {"angle": -45, "axis": "x", "origin": [8.1, 2, 8]},
			"faces": {
				"north": {"uv": [10.75, 4.5, 12.25, 10.5], "texture": "#0", "rotation": 90},
				"east": {"uv": [10.75, 4.5, 12.25, 10.5], "texture": "#0", "rotation": 90},
				"south": {"uv": [10.75, 4.5, 12.25, 10.5], "texture": "#0", "rotation": 90},
				"west": {"uv": [10.75, 4.5, 12.25, 10.5], "texture": "#0", "rotation": 90},
				"up": {"uv": [10.75, 4.5, 12.25, 10.5], "texture": "#0", "rotation": 90},
				"down": {"uv": [10.75, 4.5, 12.25, 10.5], "texture": "#0", "rotation": 90}
			}
		},
		{
			"name": "Latte c 4",
			"from": [1.4, 1.5, 7.5],
			"to": [6.6, 2.5, 8.5],
			"faces": {
				"north": {"uv": [7, 0, 8, 16], "texture": "#0", "rotation": 270},
				"east": {"uv": [3.75, 15, 4.75, 16], "texture": "#0", "rotation": 180},
				"south": {"uv": [0.5, 4.25, 2, 10.25], "texture": "#0", "rotation": 90},
				"west": {"uv": [7, 3, 8, 4], "texture": "#0"},
				"up": {"uv": [7, 0, 8, 16], "texture": "#0", "rotation": 90},
				"down": {"uv": [7, 0, 8, 16], "texture": "#0", "rotation": 270}
			}
		},
		{
			"name": "Latte b 1",
			"from": [9.1, 13.5, 7.5],
			"to": [15.6, 14.5, 8.5],
			"rotation": {"angle": -45, "axis": "x", "origin": [17.1, 14, 8]},
			"faces": {
				"north": {"uv": [4, 4.75, 5.5, 10.75], "texture": "#0", "rotation": 90},
				"east": {"uv": [4, 4.75, 5.5, 10.75], "texture": "#0", "rotation": 90},
				"south": {"uv": [4, 4.75, 5.5, 10.75], "texture": "#0", "rotation": 90},
				"west": {"uv": [4, 4.75, 5.5, 10.75], "texture": "#0", "rotation": 90},
				"up": {"uv": [4, 4.75, 5.5, 10.75], "texture": "#0", "rotation": 90},
				"down": {"uv": [4, 4.75, 5.5, 10.75], "texture": "#0", "rotation": 90}
			}
		},
		{
			"name": "Latte bc 1",
			"from": [9.4, 13.5, 7.5],
			"to": [14.6, 14.5, 8.5],
			"faces": {
				"north": {"uv": [10.5, 1.5, 12, 7.5], "texture": "#0", "rotation": 90},
				"east": {"uv": [10.5, 1.5, 12, 7.5], "texture": "#0", "rotation": 90},
				"south": {"uv": [10.5, 1.5, 12, 7.5], "texture": "#0", "rotation": 90},
				"west": {"uv": [10.5, 1.5, 12, 7.5], "texture": "#0", "rotation": 90},
				"up": {"uv": [10.5, 1.5, 12, 7.5], "texture": "#0", "rotation": 90},
				"down": {"uv": [10.5, 1.5, 12, 7.5], "texture": "#0", "rotation": 90}
			}
		},
		{
			"name": "Latte b 2",
			"from": [9.1, 9.5, 7.5],
			"to": [15.6, 10.5, 8.5],
			"rotation": {"angle": -45, "axis": "x", "origin": [17.1, 10, 8]},
			"faces": {
				"north": {"uv": [10.75, 0, 12.25, 6], "texture": "#0", "rotation": 90},
				"east": {"uv": [10.75, 0, 12.25, 6], "texture": "#0", "rotation": 90},
				"south": {"uv": [10.75, 0, 12.25, 6], "texture": "#0", "rotation": 90},
				"west": {"uv": [10.75, 0, 12.25, 6], "texture": "#0", "rotation": 90},
				"up": {"uv": [10.75, 0, 12.25, 6], "texture": "#0", "rotation": 90},
				"down": {"uv": [10.75, 0, 12.25, 6], "texture": "#0", "rotation": 90}
			}
		},
		{
			"name": "Latte bc 2",
			"from": [9.4, 9.5, 7.5],
			"to": [14.6, 10.5, 8.5],
			"faces": {
				"north": {"uv": [10.5, 1.5, 12, 7.5], "texture": "#0", "rotation": 90},
				"east": {"uv": [10.5, 1.5, 12, 7.5], "texture": "#0", "rotation": 90},
				"south": {"uv": [10.5, 1.5, 12, 7.5], "texture": "#0", "rotation": 90},
				"west": {"uv": [10.5, 1.5, 12, 7.5], "texture": "#0", "rotation": 90},
				"up": {"uv": [10.5, 1.5, 12, 7.5], "texture": "#0", "rotation": 90},
				"down": {"uv": [10.5, 1.5, 12, 7.5], "texture": "#0", "rotation": 90}
			}
		},
		{
			"name": "Latte b 3",
			"from": [9.1, 5.5, 7.5],
			"to": [15.6, 6.5, 8.5],
			"rotation": {"angle": -45, "axis": "x", "origin": [17.1, 6, 8]},
			"faces": {
				"north": {"uv": [10.5, 5.25, 12, 11.25], "texture": "#0", "rotation": 90},
				"east": {"uv": [10.5, 5.25, 12, 11.25], "texture": "#0", "rotation": 90},
				"south": {"uv": [10.5, 5.25, 12, 11.25], "texture": "#0", "rotation": 90},
				"west": {"uv": [10.5, 5.25, 12, 11.25], "texture": "#0", "rotation": 90},
				"up": {"uv": [10.5, 5.25, 12, 11.25], "texture": "#0", "rotation": 90},
				"down": {"uv": [10.5, 5.25, 12, 11.25], "texture": "#0", "rotation": 90}
			}
		},
		{
			"name": "Latte bc 3",
			"from": [9.4, 5.5, 7.5],
			"to": [14.6, 6.5, 8.5],
			"faces": {
				"north": {"uv": [10.5, 1.5, 12, 7.5], "texture": "#0", "rotation": 90},
				"east": {"uv": [10.5, 1.5, 12, 7.5], "texture": "#0", "rotation": 90},
				"south": {"uv": [10.5, 1.5, 12, 7.5], "texture": "#0", "rotation": 90},
				"west": {"uv": [10.5, 1.5, 12, 7.5], "texture": "#0", "rotation": 90},
				"up": {"uv": [10.5, 1.5, 12, 7.5], "texture": "#0", "rotation": 90},
				"down": {"uv": [10.5, 1.5, 12, 7.5], "texture": "#0", "rotation": 90}
			}
		},
		{
			"name": "Latte b 4",
			"from": [9.1, 1.5, 7.5],
			"to": [15.6, 2.5, 8.5],
			"rotation": {"angle": -45, "axis": "x", "origin": [17.1, 2, 8]},
			"faces": {
				"north": {"uv": [4, 9.75, 5.5, 15.75], "texture": "#0", "rotation": 90},
				"east": {"uv": [4, 9.75, 5.5, 15.75], "texture": "#0", "rotation": 90},
				"south": {"uv": [4, 9.75, 5.5, 15.75], "texture": "#0", "rotation": 90},
				"west": {"uv": [4, 9.75, 5.5, 15.75], "texture": "#0", "rotation": 90},
				"up": {"uv": [4, 9.75, 5.5, 15.75], "texture": "#0", "rotation": 90},
				"down": {"uv": [4, 9.75, 5.5, 15.75], "texture": "#0", "rotation": 90}
			}
		},
		{
			"name": "Latte bc 4",
			"from": [9.4, 1.5, 7.5],
			"to": [14.6, 2.5, 8.5],
			"faces": {
				"north": {"uv": [10.5, 1.5, 12, 7.5], "texture": "#0", "rotation": 90},
				"east": {"uv": [10.5, 1.5, 12, 7.5], "texture": "#0", "rotation": 90},
				"south": {"uv": [10.5, 1.5, 12, 7.5], "texture": "#0", "rotation": 90},
				"west": {"uv": [10.5, 1.5, 12, 7.5], "texture": "#0", "rotation": 90},
				"up": {"uv": [10.5, 1.5, 12, 7.5], "texture": "#0", "rotation": 90},
				"down": {"uv": [10.5, 1.5, 12, 7.5], "texture": "#0", "rotation": 90}
			}
		}
	]
}