{
	"textures": {
		"particle": "block/birch_planks",
		"0": "block/birch_planks"
		
	},
	"elements": [
		{
			"name": "Pfahl 1",
			"from": [0, 0, 7.3],
			"to": [1.4, 16, 8.7],
			"faces": {
				"north": {"uv": [6.5, 0, 8.9, 16], "texture": "#0"},
				"east": {"uv": [6.5, 0, 8.9, 16], "texture": "#0"},
				"south": {"uv": [6.5, 0, 8.9, 16], "texture": "#0"},
				"west": {"uv": [6.5, 0, 8.9, 16], "texture": "#0"},
				"up": {"uv": [6.5, 10, 8.9, 12.5], "texture": "#0"},
				"down": {"uv": [6.5, 8.5, 8.9, 11], "texture": "#0"}
			}
		},
		{
			"name": "Pfahl 2",
			"from": [14.6, 0, 7.3],
			"to": [16, 16, 8.7],
			"faces": {
				"north": {"uv": [6.5, 0, 8.9, 16], "texture": "#0"},
				"east": {"uv": [6.5, 0, 8.9, 16], "texture": "#0"},
				"south": {"uv": [6.5, 0, 8.9, 16], "texture": "#0"},
				"west": {"uv": [6.5, 0, 8.9, 16], "texture": "#0"},
				"up": {"uv": [10, 5.25, 12.4, 7.75], "texture": "#0"},
				"down": {"uv": [0.25, 6.25, 2.65, 8.75], "texture": "#0"}
			}
		},
		{
			"name": "Strebe 1",
			"from": [0, 1, 13.9],
			"to": [1.4, 15, 15.3],
			"faces": {
				"north": {"uv": [6.5, 0, 8.9, 16], "texture": "#0"},
				"east": {"uv": [6.5, 0, 8.9, 16], "texture": "#0"},
				"south": {"uv": [6.5, 0, 8.9, 16], "texture": "#0"},
				"west": {"uv": [6.5, 0, 8.9, 16], "texture": "#0"},
				"up": {"uv": [6.5, 10, 8.9, 12.5], "texture": "#0"},
				"down": {"uv": [6.5, 8.5, 8.9, 11], "texture": "#0"}
			}
		},
		{
			"name": "Strebe 2",
			"from": [14.6, 1, 13.9],
			"to": [16, 15, 15.3],
			"faces": {
				"north": {"uv": [6.5, 0, 8.9, 16], "texture": "#0"},
				"east": {"uv": [6.5, 0, 8.9, 16], "texture": "#0"},
				"south": {"uv": [6.5, 0, 8.9, 16], "texture": "#0"},
				"west": {"uv": [6.5, 0, 8.9, 16], "texture": "#0"},
				"up": {"uv": [6.5, 10, 8.9, 12.5], "texture": "#0"},
				"down": {"uv": [6.5, 8.5, 8.9, 11], "texture": "#0"}
			}
		},
		{
			"name": "Latte 1",
			"from": [-2, 8.2, 8.7],
			"to": [-1, 9.2, 13.9],
			"rotation": {"angle": -45, "axis": "z", "origin": [6, 8.7, 9.2]},
			"faces": {
				"north": {"uv": [7.25, 2.5, 8.75, 15.25], "texture": "#0", "rotation": 90},
				"east": {"uv": [7.25, 2.5, 8.75, 15.25], "texture": "#0", "rotation": 90},
				"south": {"uv": [7.25, 2.5, 8.75, 15.25], "texture": "#0", "rotation": 90},
				"west": {"uv": [7.25, 2.5, 8.75, 15.25], "texture": "#0", "rotation": 90},
				"up": {"uv": [7.25, 2.5, 8.75, 15.25], "texture": "#0"},
				"down": {"uv": [7.25, 2.5, 8.75, 15.25], "texture": "#0"}
			}
		},
		{
			"name": "Latte c 1",
			"from": [0.2, 13.5, 8.7],
			"to": [1.2, 14.5, 13.9],
			"faces": {
				"north": {"uv": [7.25, 2.5, 8.75, 15.25], "texture": "#0", "rotation": 90},
				"east": {"uv": [7.25, 2.5, 8.75, 15.25], "texture": "#0", "rotation": 90},
				"south": {"uv": [7.25, 2.5, 8.75, 15.25], "texture": "#0", "rotation": 90},
				"west": {"uv": [7.25, 2.5, 8.75, 15.25], "texture": "#0", "rotation": 90},
				"up": {"uv": [7.25, 2.5, 8.75, 15.25], "texture": "#0"},
				"down": {"uv": [7.25, 2.5, 8.75, 15.25], "texture": "#0"}
			}
		},
		{
			"name": "Latte 2",
			"from": [-2, 4.2, 8.7],
			"to": [-1, 5.2, 13.9],
			"rotation": {"angle": -45, "axis": "z", "origin": [6, 4.7, 9.2]},
			"faces": {
				"north": {"uv": [7.25, 2.5, 8.75, 15.25], "texture": "#0", "rotation": 90},
				"east": {"uv": [7.25, 2.5, 8.75, 15.25], "texture": "#0", "rotation": 90},
				"south": {"uv": [7.25, 2.5, 8.75, 15.25], "texture": "#0", "rotation": 90},
				"west": {"uv": [7.25, 2.5, 8.75, 15.25], "texture": "#0", "rotation": 90},
				"up": {"uv": [7.25, 2.5, 8.75, 15.25], "texture": "#0"},
				"down": {"uv": [7.25, 2.5, 8.75, 15.25], "texture": "#0"}
			}
		},
		{
			"name": "Latte c 2",
			"from": [0.2, 9.5, 8.7],
			"to": [1.2, 10.5, 13.9],
			"faces": {
				"north": {"uv": [7.25, 2.5, 8.75, 15.25], "texture": "#0", "rotation": 90},
				"east": {"uv": [7.25, 2.5, 8.75, 15.25], "texture": "#0", "rotation": 90},
				"south": {"uv": [7.25, 2.5, 8.75, 15.25], "texture": "#0", "rotation": 90},
				"west": {"uv": [7.25, 2.5, 8.75, 15.25], "texture": "#0", "rotation": 90},
				"up": {"uv": [7.25, 2.5, 8.75, 15.25], "texture": "#0"},
				"down": {"uv": [7.25, 2.5, 8.75, 15.25], "texture": "#0"}
			}
		},
		{
			"name": "Latte 3",
			"from": [-2, 0.2, 8.7],
			"to": [-1, 1.2, 13.9],
			"rotation": {"angle": -45, "axis": "z", "origin": [6, 0.7, 9.2]},
			"faces": {
				"north": {"uv": [7.25, 2.5, 8.75, 15.25], "texture": "#0", "rotation": 90},
				"east": {"uv": [7.25, 2.5, 8.75, 15.25], "texture": "#0", "rotation": 90},
				"south": {"uv": [7.25, 2.5, 8.75, 15.25], "texture": "#0", "rotation": 90},
				"west": {"uv": [7.25, 2.5, 8.75, 15.25], "texture": "#0", "rotation": 90},
				"up": {"uv": [7.25, 2.5, 8.75, 15.25], "texture": "#0"},
				"down": {"uv": [7.25, 2.5, 8.75, 15.25], "texture": "#0"}
			}
		},
		{
			"name": "Latte c 3",
			"from": [0.2, 5.5, 8.7],
			"to": [1.2, 6.5, 13.9],
			"faces": {
				"north": {"uv": [7.25, 2.5, 8.75, 15.25], "texture": "#0", "rotation": 90},
				"east": {"uv": [7.25, 2.5, 8.75, 15.25], "texture": "#0", "rotation": 90},
				"south": {"uv": [7.25, 2.5, 8.75, 15.25], "texture": "#0", "rotation": 90},
				"west": {"uv": [7.25, 2.5, 8.75, 15.25], "texture": "#0", "rotation": 90},
				"up": {"uv": [7.25, 2.5, 8.75, 15.25], "texture": "#0"},
				"down": {"uv": [7.25, 2.5, 8.75, 15.25], "texture": "#0"}
			}
		},
		{
			"name": "Latte 4",
			"from": [-2, -3.8, 8.7],
			"to": [-1, -2.8, 13.9],
			"rotation": {"angle": -45, "axis": "z", "origin": [6, -3.3, 9.2]},
			"faces": {
				"north": {"uv": [7.25, 2.5, 8.75, 15.25], "texture": "#0", "rotation": 90},
				"east": {"uv": [7.25, 2.5, 8.75, 15.25], "texture": "#0", "rotation": 90},
				"south": {"uv": [7.25, 2.5, 8.75, 15.25], "texture": "#0", "rotation": 90},
				"west": {"uv": [7.25, 2.5, 8.75, 15.25], "texture": "#0", "rotation": 90},
				"up": {"uv": [7.25, 2.5, 8.75, 15.25], "texture": "#0"},
				"down": {"uv": [7.25, 2.5, 8.75, 15.25], "texture": "#0"}
			}
		},
		{
			"name": "Latte c 4",
			"from": [0.2, 1.5, 8.7],
			"to": [1.2, 2.5, 13.9],
			"faces": {
				"north": {"uv": [7.25, 2.5, 8.75, 15.25], "texture": "#0", "rotation": 90},
				"east": {"uv": [7.25, 2.5, 8.75, 15.25], "texture": "#0", "rotation": 90},
				"south": {"uv": [7.25, 2.5, 8.75, 15.25], "texture": "#0", "rotation": 90},
				"west": {"uv": [7.25, 2.5, 8.75, 15.25], "texture": "#0", "rotation": 90},
				"up": {"uv": [7.25, 2.5, 8.75, 15.25], "texture": "#0"},
				"down": {"uv": [7.25, 2.5, 8.75, 15.25], "texture": "#0"}
			}
		},
		{
			"name": "Latte b 1",
			"from": [12.6, 8.2, 8.7],
			"to": [13.6, 9.2, 13.9],
			"rotation": {"angle": -45, "axis": "z", "origin": [20.6, 8.7, 9.2]},
			"faces": {
				"north": {"uv": [7.25, 2.5, 8.75, 15.25], "texture": "#0", "rotation": 90},
				"east": {"uv": [7.25, 2.5, 8.75, 15.25], "texture": "#0", "rotation": 90},
				"south": {"uv": [7.25, 2.5, 8.75, 15.25], "texture": "#0", "rotation": 90},
				"west": {"uv": [7.25, 2.5, 8.75, 15.25], "texture": "#0", "rotation": 90},
				"up": {"uv": [7.25, 2.5, 8.75, 15.25], "texture": "#0"},
				"down": {"uv": [7.25, 2.5, 8.75, 15.25], "texture": "#0"}
			}
		},
		{
			"name": "Latte bc 1",
			"from": [14.8, 13.5, 8.7],
			"to": [15.8, 14.5, 13.9],
			"faces": {
				"north": {"uv": [7.25, 2.5, 8.75, 15.25], "texture": "#0", "rotation": 90},
				"east": {"uv": [7.25, 2.5, 8.75, 15.25], "texture": "#0", "rotation": 90},
				"south": {"uv": [7.25, 2.5, 8.75, 15.25], "texture": "#0", "rotation": 90},
				"west": {"uv": [7.25, 2.5, 8.75, 15.25], "texture": "#0", "rotation": 90},
				"up": {"uv": [7.25, 2.5, 8.75, 15.25], "texture": "#0"},
				"down": {"uv": [7.25, 2.5, 8.75, 15.25], "texture": "#0"}
			}
		},
		{
			"name": "Latte b 2",
			"from": [12.6, 4.2, 8.7],
			"to": [13.6, 5.2, 13.9],
			"rotation": {"angle": -45, "axis": "z", "origin": [20.6, 4.7, 9.2]},
			"faces": {
				"north": {"uv": [7.25, 2.5, 8.75, 15.25], "texture": "#0", "rotation": 90},
				"east": {"uv": [7.25, 2.5, 8.75, 15.25], "texture": "#0", "rotation": 90},
				"south": {"uv": [7.25, 2.5, 8.75, 15.25], "texture": "#0", "rotation": 90},
				"west": {"uv": [7.25, 2.5, 8.75, 15.25], "texture": "#0", "rotation": 90},
				"up": {"uv": [7.25, 2.5, 8.75, 15.25], "texture": "#0"},
				"down": {"uv": [7.25, 2.5, 8.75, 15.25], "texture": "#0"}
			}
		},
		{
			"name": "Latte bc 2",
			"from": [14.8, 9.5, 8.7],
			"to": [15.8, 10.5, 13.9],
			"faces": {
				"north": {"uv": [7.25, 2.5, 8.75, 15.25], "texture": "#0", "rotation": 90},
				"east": {"uv": [7.25, 2.5, 8.75, 15.25], "texture": "#0", "rotation": 90},
				"south": {"uv": [7.25, 2.5, 8.75, 15.25], "texture": "#0", "rotation": 90},
				"west": {"uv": [7.25, 2.5, 8.75, 15.25], "texture": "#0", "rotation": 90},
				"up": {"uv": [7.25, 2.5, 8.75, 15.25], "texture": "#0"},
				"down": {"uv": [7.25, 2.5, 8.75, 15.25], "texture": "#0"}
			}
		},
		{
			"name": "Latte b 3",
			"from": [12.6, 0.2, 8.7],
			"to": [13.6, 1.2, 13.9],
			"rotation": {"angle": -45, "axis": "z", "origin": [20.6, 0.7, 9.2]},
			"faces": {
				"north": {"uv": [7.25, 2.5, 8.75, 15.25], "texture": "#0", "rotation": 90},
				"east": {"uv": [7.25, 2.5, 8.75, 15.25], "texture": "#0", "rotation": 90},
				"south": {"uv": [7.25, 2.5, 8.75, 15.25], "texture": "#0", "rotation": 90},
				"west": {"uv": [7.25, 2.5, 8.75, 15.25], "texture": "#0", "rotation": 90},
				"up": {"uv": [7.25, 2.5, 8.75, 15.25], "texture": "#0"},
				"down": {"uv": [7.25, 2.5, 8.75, 15.25], "texture": "#0"}
			}
		},
		{
			"name": "Latte bc 3",
			"from": [14.8, 5.5, 8.7],
			"to": [15.8, 6.5, 13.9],
			"faces": {
				"north": {"uv": [7.25, 2.5, 8.75, 15.25], "texture": "#0", "rotation": 90},
				"east": {"uv": [7.25, 2.5, 8.75, 15.25], "texture": "#0", "rotation": 90},
				"south": {"uv": [7.25, 2.5, 8.75, 15.25], "texture": "#0", "rotation": 90},
				"west": {"uv": [7.25, 2.5, 8.75, 15.25], "texture": "#0", "rotation": 90},
				"up": {"uv": [7.25, 2.5, 8.75, 15.25], "texture": "#0"},
				"down": {"uv": [7.25, 2.5, 8.75, 15.25], "texture": "#0"}
			}
		},
		{
			"name": "Latte b 4",
			"from": [12.6, -3.8, 8.7],
			"to": [13.6, -2.8, 13.9],
			"rotation": {"angle": -45, "axis": "z", "origin": [20.6, -3.3, 9.2]},
			"faces": {
				"north": {"uv": [7.25, 2.5, 8.75, 15.25], "texture": "#0", "rotation": 90},
				"east": {"uv": [7.25, 2.5, 8.75, 15.25], "texture": "#0", "rotation": 90},
				"south": {"uv": [7.25, 2.5, 8.75, 15.25], "texture": "#0", "rotation": 90},
				"west": {"uv": [7.25, 2.5, 8.75, 15.25], "texture": "#0", "rotation": 90},
				"up": {"uv": [7.25, 2.5, 8.75, 15.25], "texture": "#0"},
				"down": {"uv": [7.25, 2.5, 8.75, 15.25], "texture": "#0"}
			}
		},
		{
			"name": "Latte bc 4",
			"from": [14.8, 1.5, 8.7],
			"to": [15.8, 2.5, 13.9],
			"faces": {
				"north": {"uv": [7.25, 2.5, 8.75, 15.25], "texture": "#0", "rotation": 90},
				"east": {"uv": [7.25, 2.5, 8.75, 15.25], "texture": "#0", "rotation": 90},
				"south": {"uv": [7.25, 2.5, 8.75, 15.25], "texture": "#0", "rotation": 90},
				"west": {"uv": [7.25, 2.5, 8.75, 15.25], "texture": "#0", "rotation": 90},
				"up": {"uv": [7.25, 2.5, 8.75, 15.25], "texture": "#0"},
				"down": {"uv": [7.25, 2.5, 8.75, 15.25], "texture": "#0"}
			}
		}
	]
}