{
	"textures": {
		"particle": "block/birch_planks",
		"0": "block/birch_planks"
	},
	"elements": [
		{
			"name": "Latte 1",
			"from": [5.3, 8.2, 0],
			"to": [6.3, 9.2, 8],
			"rotation": {"angle": -45, "axis": "z", "origin": [13.3, 8.7, 0.5]},
			"faces": {
				"north": {"uv": [4, 0, 5, 1], "texture": "#0", "rotation": 90},
				"east": {"uv": [7, 0, 8, 16], "texture": "#0", "rotation": 90},
				"south": {"uv": [1, 1, 2, 2], "texture": "#0", "rotation": 90},
				"west": {"uv": [6.75, 0, 8, 7.25], "texture": "#0", "rotation": 90},
				"up": {"uv": [7.5, 0, 8.5, 8], "texture": "#0"},
				"down": {"uv": [7, 0, 8, 16], "texture": "#0"}
			}
		},
		{
			"name": "Latte b 1",
			"from": [7.5, 13.5, 0],
			"to": [8.5, 14.5, 8],
			"faces": {
				"north": {"uv": [4, 0, 5, 1], "texture": "#0", "rotation": 90},
				"east": {"uv": [7, 0, 8, 16], "texture": "#0", "rotation": 90},
				"south": {"uv": [1, 1, 2, 2], "texture": "#0", "rotation": 90},
				"west": {"uv": [6.75, 0, 8, 7.25], "texture": "#0", "rotation": 90},
				"up": {"uv": [7.5, 0, 8.5, 8], "texture": "#0"},
				"down": {"uv": [7, 0, 8, 16], "texture": "#0"}
			}
		},
		{
			"name": "Latte 2",
			"from": [5.3, 4.2, 0],
			"to": [6.3, 5.2, 8],
			"rotation": {"angle": -45, "axis": "z", "origin": [13.3, 4.7, 0.5]},
			"faces": {
				"north": {"uv": [11, 0, 12, 1], "texture": "#0", "rotation": 90},
				"east": {"uv": [6.75, 0, 7.75, 16], "texture": "#0", "rotation": 90},
				"south": {"uv": [1, 5, 2, 6], "texture": "#0", "rotation": 90},
				"west": {"uv": [7.25, 3.5, 8.75, 13.5], "texture": "#0", "rotation": 90},
				"up": {"uv": [8.5, 0, 9.5, 8], "texture": "#0"},
				"down": {"uv": [6.75, 0, 7.75, 16], "texture": "#0"}
			}
		},
		{
			"name": "Latte b 2",
			"from": [7.5, 9.5, 0],
			"to": [8.5, 10.5, 8],
			"faces": {
				"north": {"uv": [4, 0, 5, 1], "texture": "#0", "rotation": 90},
				"east": {"uv": [7, 0, 8, 16], "texture": "#0", "rotation": 90},
				"south": {"uv": [1, 1, 2, 2], "texture": "#0", "rotation": 90},
				"west": {"uv": [6.75, 0, 8, 7.25], "texture": "#0", "rotation": 90},
				"up": {"uv": [7.5, 0, 8.5, 8], "texture": "#0"},
				"down": {"uv": [7, 0, 8, 16], "texture": "#0"}
			}
		},
		{
			"name": "Latte 3",
			"from": [5.3, 0.2, 0],
			"to": [6.3, 1.2, 8],
			"rotation": {"angle": -45, "axis": "z", "origin": [13.3, 0.7, 0.5]},
			"faces": {
				"north": {"uv": [4, 0, 5, 1], "texture": "#0", "rotation": 90},
				"east": {"uv": [8.5, 0, 9.5, 16], "texture": "#0", "rotation": 90},
				"south": {"uv": [4, 0, 5, 1], "texture": "#0", "rotation": 90},
				"west": {"uv": [7, 0, 8.5, 7], "texture": "#0", "rotation": 90},
				"up": {"uv": [8.5, 0, 9.5, 8], "texture": "#0"},
				"down": {"uv": [8.5, 0, 9.5, 16], "texture": "#0"}
			}
		},
		{
			"name": "Latte b 3",
			"from": [7.5, 5.5, 0],
			"to": [8.5, 6.5, 8],
			"faces": {
				"north": {"uv": [4, 0, 5, 1], "texture": "#0", "rotation": 90},
				"east": {"uv": [7, 0, 8, 16], "texture": "#0", "rotation": 90},
				"south": {"uv": [1, 1, 2, 2], "texture": "#0", "rotation": 90},
				"west": {"uv": [6.75, 0, 8, 7.25], "texture": "#0", "rotation": 90},
				"up": {"uv": [7.5, 0, 8.5, 8], "texture": "#0"},
				"down": {"uv": [7, 0, 8, 16], "texture": "#0"}
			}
		},
		{
			"name": "Latte 4",
			"from": [5.3, -3.8, 0],
			"to": [6.3, -2.8, 8],
			"rotation": {"angle": -45, "axis": "z", "origin": [13.3, -3.3, 0.5]},
			"faces": {
				"north": {"uv": [1, 1, 2, 2], "texture": "#0", "rotation": 90},
				"east": {"uv": [8.5, 0, 9.5, 16], "texture": "#0", "rotation": 90},
				"south": {"uv": [8, 0, 9, 1], "texture": "#0", "rotation": 90},
				"west": {"uv": [7.25, 1.25, 8.5, 9], "texture": "#0", "rotation": 90},
				"up": {"uv": [11.25, 0, 12.25, 8], "texture": "#0"},
				"down": {"uv": [8.5, 0, 9.5, 16], "texture": "#0"}
			}
		},
		{
			"name": "Latte b 4",
			"from": [7.5, 1.5, 0],
			"to": [8.5, 2.5, 8],
			"faces": {
				"north": {"uv": [4, 0, 5, 1], "texture": "#0", "rotation": 90},
				"east": {"uv": [7, 0, 8, 16], "texture": "#0", "rotation": 90},
				"south": {"uv": [1, 1, 2, 2], "texture": "#0", "rotation": 90},
				"west": {"uv": [6.75, 0, 8, 7.25], "texture": "#0", "rotation": 90},
				"up": {"uv": [7.5, 0, 8.5, 8], "texture": "#0"},
				"down": {"uv": [7, 0, 8, 16], "texture": "#0"}
			}
		}
	]
}