{
	"parent": "block/block",
	"textures": {
		"particle": "#texture"
	},
	"elements": [
		{
			"from": [5.5, 6, 6.5],
			"to": [10.5, 10, 9.5],
			"faces": {
				"north": {"uv": [5, 12, 11, 16], "texture": "#texture"},
				"east": {"uv": [6, 12, 10, 16], "texture": "#texture"},
				"south": {"uv": [5, 12, 11, 16], "texture": "#texture"},
				"west": {"uv": [6, 12, 10, 16], "texture": "#texture"},
				"up": {"uv": [5, 10, 11, 6], "texture": "#texture"},
				"down": {"uv": [5, 6, 11, 10], "texture": "#texture"}
			}
		},
		{
			"from": [6.5, 6.1, 5.5],
			"to": [9.5, 10.1, 10.5],
			"faces": {
				"north": {"uv": [5, 12, 11, 16], "texture": "#texture"},
				"east": {"uv": [6, 12, 10, 16], "texture": "#texture"},
				"south": {"uv": [5, 12, 11, 16], "texture": "#texture"},
				"west": {"uv": [6, 12, 10, 16], "texture": "#texture"},
				"up": {"uv": [5, 10, 11, 6], "texture": "#texture"},
				"down": {"uv": [5, 6, 11, 10], "texture": "#texture"}
			}
		},
		{
			"from": [7, 6.5, 7],
			"to": [9, 10.5, 9],
			"faces": {
				"north": {"uv": [5, 12, 11, 16], "texture": "#texture"},
				"east": {"uv": [6, 12, 10, 16], "texture": "#texture"},
				"south": {"uv": [5, 12, 11, 16], "texture": "#texture"},
				"west": {"uv": [6, 12, 10, 16], "texture": "#texture"},
				"up": {"uv": [5, 10, 11, 6], "texture": "#texture"},
				"down": {"uv": [5, 6, 11, 10], "texture": "#texture"}
			}
		}
	]
}