{
	"textures": {
		"particle": "block/dark_oak_trapdoor",
		"0": "block/dark_oak_trapdoor"
	},
	"elements": [
		{
			"name": "Latte 1",
			"from": [6.75, 13.725, 0],
			"to": [9.25, 15.225, 8],
			"faces": {
				"north": {"uv": [6.5, 7, 9, 8.5], "texture": "#0"},
				"east": {"uv": [4, 7, 12, 8.5], "texture": "#0"},
				"south": {"uv": [6.5, 7, 9, 8.5], "texture": "#0"},
				"west": {"uv": [4.5, 7, 12.5, 8.5], "texture": "#0"},
				"up": {"uv": [6.5, 0.5, 9, 8.5], "texture": "#0"},
				"down": {"uv": [6.5, 1.25, 9, 9.25], "texture": "#0"}
			}
		},
		{
			"name": "Latte 2",
			"from": [6.75, 0.725, 0],
			"to": [9.25, 2.225, 8],
			"faces": {
				"north": {"uv": [6.75, 7, 9.25, 8.5], "texture": "#0"},
				"east": {"uv": [4, 7, 12, 8.5], "texture": "#0"},
				"south": {"uv": [6.5, 7, 9, 8.5], "texture": "#0"},
				"west": {"uv": [4, 7.25, 12, 8.75], "texture": "#0"},
				"up": {"uv": [6.5, 1, 9, 9], "texture": "#0"},
				"down": {"uv": [6.5, 1, 9, 9], "texture": "#0"}
			}
		},
		{
			"name": "Pfahl",
			"from": [6.75, 2.225, 7],
			"to": [9.25, 13.725, 8],
			"faces": {
				"north": {"uv": [6.75, 4.5, 9.25, 16], "texture": "#0"},
				"east": {"uv": [7.25, 4.5, 8.25, 16], "texture": "#0"},
				"south": {"uv": [6.5, 4.5, 9, 16], "texture": "#0"},
				"west": {"uv": [7.25, 3.75, 8.25, 15.25], "texture": "#0"},
				"up": {"uv": [6.75, 7.25, 9.25, 8.25], "texture": "#0"},
				"down": {"uv": [6.5, 7.5, 9, 8.5], "texture": "#0"}
			}
		},
		{
			"name": "Mitte 1",
			"from": [6.75, 6.225, 0],
			"to": [9.25, 9.725, 1],
			"faces": {
				"north": {"uv": [6.5, 6, 9, 9.5], "texture": "#0"},
				"east": {"uv": [7.25, 6, 8.25, 9.5], "texture": "#0"},
				"south": {"uv": [6.5, 6, 9, 9.5], "texture": "#0"},
				"west": {"uv": [7.5, 5.75, 8.5, 9.25], "texture": "#0"},
				"up": {"uv": [6.5, 6.5, 9, 7.5], "texture": "#0"},
				"down": {"uv": [6.5, 7.5, 9, 8.5], "texture": "#0"}
			}
		},
		{
			"name": "Mitte 2",
			"from": [6.75, 7.225, 1],
			"to": [9.25, 8.725, 2],
			"faces": {
				"north": {"uv": [2.75, 7.25, 5.25, 8.75], "texture": "#0"},
				"east": {"uv": [4, 7.25, 5, 8.75], "texture": "#0"},
				"south": {"uv": [3.25, 7, 5.75, 8.5], "texture": "#0"},
				"west": {"uv": [4.25, 7, 5.25, 8.5], "texture": "#0"},
				"up": {"uv": [6.25, 7.5, 8.75, 8.5], "texture": "#0"},
				"down": {"uv": [6.75, 7.5, 9.25, 8.5], "texture": "#0"}
			}
		},
		{
			"name": "Strebe 1",
			"from": [7.2, 10.25, 0],
			"to": [8.8, 12.25, 8.4],
			"rotation": {"angle": -45, "axis": "x", "origin": [8.05, 11.25, 4]},
			"faces": {
				"north": {"uv": [7, 7, 8.6, 9], "texture": "#0"},
				"east": {"uv": [4, 7, 12.4, 9], "texture": "#0"},
				"south": {"uv": [7, 6.75, 8.6, 8.75], "texture": "#0"},
				"west": {"uv": [3.75, 7, 12.15, 9], "texture": "#0"},
				"up": {"uv": [7.25, 3.25, 8.85, 11.65], "texture": "#0"},
				"down": {"uv": [7, 3.25, 8.6, 11.65], "texture": "#0"}
			}
		},
		{
			"name": "Strebe 2",
			"from": [7.2, 3.5, 0],
			"to": [9, 5.5, 8],
			"rotation": {"angle": 45, "axis": "x", "origin": [8, 4.5, 4]},
			"faces": {
				"north": {"uv": [7, 6.75, 8.8, 8.75], "texture": "#0"},
				"east": {"uv": [3.75, 7, 11.75, 9], "texture": "#0"},
				"south": {"uv": [7, 6.75, 8.8, 8.75], "texture": "#0"},
				"west": {"uv": [4.25, 7, 12.25, 9], "texture": "#0"},
				"up": {"uv": [7, 3.75, 8.8, 11.75], "texture": "#0"},
				"down": {"uv": [7, 4.75, 8.8, 12.75], "texture": "#0"}
			}
		}
	]
}