{   "parent": "block/block",
    "display": {
        "gui": {
            "rotation": [ 30, 45, 0 ],
            "translation": [ 0, -1, 0],
            "scale":[ 0.8, 0.8, 0.8 ]
        },
        "head": {
            "rotation": [ 0, 0, 0 ],
            "translation": [ 0, -3, -6],
            "scale":[ 1, 1, 1]
        }
    },
	"textures": {
		"particle": "block/dark_oak_trapdoor",
		"texture": "block/dark_oak_trapdoor"
		
	},
	"elements": [
		{
			"name": "Pfahl West",
			"from": [0, 0, 6.5],
			"to": [1, 16, 9.5],
			"faces": {
				"north": {"uv": [7.25, 0, 8.25, 16], "texture": "#texture"},
				"east": {"uv": [6.5, 0, 9.25, 16], "texture": "#texture"},
				"south": {"uv": [7.25, 0, 8.25, 16], "texture": "#texture"},
				"west": {"uv": [6.5, 0, 9.25, 16], "texture": "#texture"},
				"up": {"uv": [7.25, 5.75, 8.25, 9.75], "texture": "#texture"},
				"down": {"uv": [7.25, 5.5, 8.25, 9.5], "texture": "#texture"}
			}
		},
		{
			"name": "Latte West Innen",
			"from": [7, 0.5, 6.6],
			"to": [8, 16, 9.4],
			"faces": {
				"north": {"uv": [7.25, 0.5, 8.25, 16], "texture": "#texture"},
				"east": {"uv": [6.5, 0.25, 9.3, 15.75], "texture": "#texture", "cullface": "west"},
				"south": {"uv": [7.5, 0.5, 8.5, 16], "texture": "#texture"},
				"west": {"uv": [6.5, 0.5, 9.3, 16], "texture": "#texture", "cullface": "west"},
				"up": {"uv": [7.25, 6.25, 8.25, 9.05], "texture": "#texture"},
				"down": {"uv": [7.25, 6, 8.25, 8.8], "texture": "#texture"}
			}
		},
		{
			"name": "Latte West",
			"from": [1, 1, 6.75],
			"to": [2, 15.5, 9.25],
			"faces": {
				"north": {"uv": [7.25, 1.5, 8.25, 16], "texture": "#texture"},
				"east": {"uv": [6.75, 1.5, 9.25, 16], "texture": "#texture", "cullface": "west"},
				"south": {"uv": [7.25, 1.5, 8.25, 16], "texture": "#texture"},
				"west": {"uv": [6.5, 1.5, 9, 16], "texture": "#texture", "cullface": "west"},
				"up": {"uv": [7.25, 6.25, 8.25, 8.75], "texture": "#texture"},
				"down": {"uv": [7.25, 6.25, 8.25, 8.75], "texture": "#texture"}
			}
		},
		{
			"name": "Pfahl Ost",
			"from": [15, 0, 6.5],
			"to": [16, 16, 9.5],
			"faces": {
				"north": {"uv": [7.25, 0, 8.25, 16], "texture": "#texture"},
				"east": {"uv": [6.75, 0, 9.5, 16], "texture": "#texture"},
				"south": {"uv": [7.25, 0, 8.25, 16], "texture": "#texture"},
				"west": {"uv": [6.5, 0, 9.25, 16], "texture": "#texture"},
				"up": {"uv": [7.25, 5.75, 8.25, 9.75], "texture": "#texture"},
				"down": {"uv": [7.5, 5.75, 8.5, 9.75], "texture": "#texture"}
			}
		},
		{
			"name": "Latte Ost Innen",
			"from": [8, 0.5, 6.6],
			"to": [9, 16, 9.4],
			"faces": {
				"north": {"uv": [7.25, 0.5, 8.25, 16], "texture": "#texture"},
				"east": {"uv": [6.5, 0.5, 9.3, 16], "texture": "#texture"},
				"south": {"uv": [7.25, 0.5, 8.25, 16], "texture": "#texture"},
				"west": {"uv": [6.5, 0.5, 9.3, 16], "texture": "#texture"},
				"up": {"uv": [7.5, 6.25, 8.5, 9.05], "texture": "#texture"},
				"down": {"uv": [7.25, 6.25, 8.25, 9.05], "texture": "#texture"}
			}
		},
		{
			"name": "Latte Ost",
			"from": [14, 1, 6.75],
			"to": [15, 15.5, 9.25],
			"faces": {
				"north": {"uv": [7.25, 1.5, 8.25, 16], "texture": "#texture"},
				"east": {"uv": [6.5, 1.5, 9, 16], "texture": "#texture"},
				"south": {"uv": [7.5, 1.5, 8.5, 16], "texture": "#texture"},
				"west": {"uv": [6.75, 1.5, 9.25, 16], "texture": "#texture"},
				"up": {"uv": [7.25, 6.75, 8.25, 9.25], "texture": "#texture"},
				"down": {"uv": [7.5, 6.5, 8.5, 9], "texture": "#texture"}
			}
		},
		{
			"name": "Kreuz West",
			"from": [-0.13604, 7.5, 7],
			"to": [16.86395, 9.5, 8.9],
			"rotation": {"angle": -45, "axis": "z", "origin": [7.86395, 8.63604, 8.0625]},
			"faces": {
				"north": {"uv": [0, 6.75, 16, 8.75], "texture": "#texture", "cullface": "south"},
				"east": {"uv": [7, 6.75, 8.75, 8.75], "texture": "#texture", "cullface": "south"},
				"south": {"uv": [0, 6.75, 16, 8.75], "texture": "#texture"},
				"west": {"uv": [7, 6.75, 8.75, 8.75], "texture": "#texture", "cullface": "south"},
				"up": {"uv": [0, 7, 16, 8.75], "texture": "#texture", "cullface": "south"},
				"down": {"uv": [0, 7, 16, 8.75], "texture": "#texture", "cullface": "south"}
			}
		},
		{
			"name": "Kreuz Ost",
			"from": [-0.63604, 6.8, 7],
			"to": [16.36396, 8.7, 9],
			"rotation": {"angle": 45, "axis": "z", "origin": [7.36396, 7.94975, 8]},
			"faces": {
				"north": {"uv": [0, 6.75, 16, 8.75], "texture": "#texture", "cullface": "south"},
				"east": {"uv": [6.75, 6.75, 8.75, 8.75], "texture": "#texture", "cullface": "south"},
				"south": {"uv": [0, 6.75, 16, 8.75], "texture": "#texture"},
				"west": {"uv": [6.75, 6.75, 8.75, 8.75], "texture": "#texture", "cullface": "south"},
				"up": {"uv": [0, 6.75, 16, 8.75], "texture": "#texture", "cullface": "south"},
				"down": {"uv": [0, 6.75, 16, 8.75], "texture": "#texture", "cullface": "south"}
			}
		},
		{
			"name": "Latte oben",
			"from": [2, 13.725, 6.75],
			"to": [14, 15.225, 9.25],
			"faces": {
				"north": {"uv": [1.5, 7.25, 13.5, 8.75], "texture": "#texture"},
				"east": {"uv": [6.5, 7, 9, 8.5], "texture": "#texture"},
				"south": {"uv": [1, 7.5, 13, 9], "texture": "#texture"},
				"west": {"uv": [6.5, 7, 9, 8.5], "texture": "#texture"},
				"up": {"uv": [1.75, 6.5, 13.75, 9], "texture": "#texture"},
				"down": {"uv": [1.5, 6.5, 13.5, 9], "texture": "#texture"}
			}
		},
		{
			"name": "Latte unten",
			"from": [2, 1.5, 6.75],
			"to": [14, 3, 9.25],
			"faces": {
				"north": {"uv": [1.5, 7, 14.5, 8.5], "texture": "#texture"},
				"east": {"uv": [6.5, 7, 9, 8.5], "texture": "#texture"},
				"south": {"uv": [1.5, 7.25, 14.5, 8.75], "texture": "#texture"},
				"west": {"uv": [6.5, 7.25, 9, 8.75], "texture": "#texture"},
				"up": {"uv": [1.75, 6.5, 14.75, 9], "texture": "#texture"},
				"down": {"uv": [1.75, 6.5, 14.75, 9], "texture": "#texture"}
			}
		}
	]
}