{	"parent": "block/block",
    "display": {
        "gui": {
            "rotation": [ 30, 135, 0 ],
            "translation": [ 0, 0, 0],
            "scale":[ 0.625, 0.625, 0.625 ]
        },
        "fixed": {
            "rotation": [ 0, 90, 0 ],
            "translation": [ 0, 0, 0],
            "scale":[ 0.5, 0.5, 0.5 ]
        }
    },
    "ambientocclusion": false,
	"textures": {
		"particle": "dark_oak_trapdoor",
		"0": "block/dark_oak_trapdoor"
	},
	"elements": [
		{
			"name": "Latte Süd",
			"from": [6.75, 0.725, 14.5],
			"to": [9.25, 15.225, 15.5],
			"faces": {
				"north": {"uv": [6.5, 1.5, 9, 16], "texture": "#0"},
				"east": {"uv": [7, 1.5, 8, 16], "texture": "#0"},
				"south": {"uv": [6.5, 1.5, 9, 16], "texture": "#0"},
				"west": {"uv": [7.25, 1.5, 8.25, 16], "texture": "#0"},
				"up": {"uv": [6.75, 7.25, 9.25, 8.25], "texture": "#0"},
				"down": {"uv": [6.5, 7.25, 9, 8.25], "texture": "#0"}
			}
		},
		{
			"name": "Latte Nord",
			"from": [6.75, 0.725, 0.5],
			"to": [9.25, 15.225, 1.5],
			"faces": {
				"north": {"uv": [6.75, 1.5, 9.25, 16], "texture": "#0"},
				"east": {"uv": [7.25, 1.5, 8.25, 16], "texture": "#0"},
				"south": {"uv": [6.75, 1.5, 9.25, 16], "texture": "#0"},
				"west": {"uv": [7.25, 1.5, 8.25, 16], "texture": "#0"},
				"up": {"uv": [6.5, 7.25, 9, 8.25], "texture": "#0"},
				"down": {"uv": [6.25, 7.5, 8.75, 8.5], "texture": "#0"}
			}
		},
		{
			"name": "Latte oben",
			"from": [6.75, 13.725, 1.5],
			"to": [9.25, 15.225, 14.5],
			"faces": {
				"north": {"uv": [6.25, 7, 8.75, 8.5], "texture": "#0"},
				"east": {"uv": [0.75, 7, 13.75, 8.5], "texture": "#0"},
				"south": {"uv": [6.5, 7.25, 9, 8.75], "texture": "#0"},
				"west": {"uv": [1.25, 7.25, 14.25, 8.75], "texture": "#0"},
				"up": {"uv": [6.5, 3, 9, 16], "texture": "#0"},
				"down": {"uv": [6.75, 3, 9.25, 16], "texture": "#0"}
			}
		},
		{
			"name": "Latte unten",
			"from": [6.8125, 0.725, 1.5],
			"to": [9.3125, 2.225, 14.5],
			"faces": {
				"north": {"uv": [6.75, 7.25, 9.25, 8.75], "texture": "#0", "cullface": "north"},
				"east": {"uv": [1.5, 7.25, 14.5, 8.75], "texture": "#0"},
				"south": {"uv": [6.75, 7.25, 9.25, 8.75], "texture": "#0"},
				"west": {"uv": [1.25, 7.25, 14.25, 8.75], "texture": "#0"},
				"up": {"uv": [6.75, 2.5, 9.25, 15.5], "texture": "#0"},
				"down": {"uv": [6.75, 2.75, 9.25, 15.75], "texture": "#0", "cullface": "down"}
			}
		},
		{
			"name": "Kreuz Süd",
			"from": [7.2, 6.90685, -0.42893],
			"to": [8.8, 8.90685, 17.57107],
			"rotation": {"angle": -45, "axis": "x", "origin": [8, 7.90685, 8.57107]},
			"faces": {
				"north": {"uv": [6.75, 6.75, 8.35, 8.75], "texture": "#0", "cullface": "south"},
				"east": {"uv": [0, 6.75, 16, 8.75], "texture": "#0", "cullface": "south"},
				"south": {"uv": [7, 6.5, 8.6, 8.5], "texture": "#0"},
				"west": {"uv": [0, 6.75, 16, 8.75], "texture": "#0", "cullface": "south"},
				"up": {"uv": [7, 0, 8.6, 16], "texture": "#0", "cullface": "south"},
				"down": {"uv": [7, 0, 8.6, 16], "texture": "#0", "cullface": "south"}
			}
		},
		{
			"name": "Kreuz Nord",
			"from": [7.1, 6.65393, -1.25],
			"to": [8.9, 8.65393, 16.5],
			"rotation": {"angle": 45, "axis": "x", "origin": [8, 7.65393, 7.75]},
			"faces": {
				"north": {"uv": [7, 6.75, 8.8, 8.75], "texture": "#0", "cullface": "south"},
				"east": {"uv": [0, 6.75, 16, 8.75], "texture": "#0", "cullface": "south"},
				"south": {"uv": [6.75, 6.75, 8.55, 8.75], "texture": "#0"},
				"west": {"uv": [0, 6.75, 16, 8.75], "texture": "#0", "cullface": "south"},
				"up": {"uv": [6.75, 0, 8.55, 16], "texture": "#0", "cullface": "south"},
				"down": {"uv": [6.75, 0, 8.55, 16], "texture": "#0", "cullface": "south"}
			}
		},
		{
			"name": "Pfahl Nord",
			"from": [6, 0, 0],
			"to": [10, 16, 1],
			"faces": {
				"north": {"uv": [6.75, 0, 9.5, 16], "texture": "#0", "cullface": "north"},
				"east": {"uv": [7.25, 0, 8.25, 16], "texture": "#0", "cullface": "north"},
				"south": {"uv": [6.75, 0, 9.5, 16], "texture": "#0", "cullface": "north"},
				"west": {"uv": [7.25, 0, 8.25, 16], "texture": "#0", "cullface": "north"},
				"up": {"uv": [5.75, 7.25, 9.75, 8.25], "texture": "#0", "cullface": "up"},
				"down": {"uv": [5.5, 7.5, 9.5, 8.5], "texture": "#0", "cullface": "down"}
			}
		},
		{
			"name": "Pfahl Süd",
			"from": [6, 0, 15],
			"to": [10, 16, 16],
			"faces": {
				"north": {"uv": [6.5, 0, 9.5, 16], "texture": "#0", "cullface": "north"},
				"east": {"uv": [7.75, 0, 8.75, 16], "texture": "#0", "cullface": "north"},
				"south": {"uv": [6.75, 0, 9.5, 16], "texture": "#0", "cullface": "north"},
				"west": {"uv": [7.5, 0, 8.5, 16], "texture": "#0", "cullface": "north"},
				"up": {"uv": [6, 7.5, 10, 8.5], "texture": "#0", "cullface": "up"},
				"down": {"uv": [5.75, 7.75, 9.75, 8.75], "texture": "#0", "cullface": "down"}
			}
		},
		{
			"name": "Mitte 1",
			"from": [6.8125, 6.225, 7],
			"to": [9.3125, 9.725, 9],
			"faces": {
				"north": {"uv": [6.5, 6, 9, 9.5], "texture": "#0"},
				"east": {"uv": [6.75, 6.25, 8.75, 9.75], "texture": "#0"},
				"south": {"uv": [6.75, 6, 9.25, 9.5], "texture": "#0"},
				"west": {"uv": [6.75, 6.25, 8.75, 9.75], "texture": "#0"},
				"up": {"uv": [2.5, 7, 5, 9], "texture": "#0"},
				"down": {"uv": [2.25, 7, 4.75, 9], "texture": "#0"}
			}
		},
		{
			"name": "Mitte 2",
			"from": [6.8125, 7.225, 9],
			"to": [9.3125, 8.725, 10],
			"faces": {
				"north": {"uv": [5.25, 7, 7.75, 8.5], "texture": "#0"},
				"east": {"uv": [7.5, 7, 8.5, 8.5], "texture": "#0"},
				"south": {"uv": [5.25, 7, 7.75, 8.5], "texture": "#0"},
				"west": {"uv": [7.25, 7.25, 8.25, 8.75], "texture": "#0"},
				"up": {"uv": [6.5, 7.5, 9, 8.5], "texture": "#0"},
				"down": {"uv": [6.75, 7.25, 9.25, 8.25], "texture": "#0"}
			}
		},
		{
			"name": "MItte 3",
			"from": [6.8125, 7.225, 6],
			"to": [9.3125, 8.725, 7],
			"faces": {
				"north": {"uv": [6.25, 7, 8.75, 8.5], "texture": "#0"},
				"east": {"uv": [7.5, 7, 8.5, 8.5], "texture": "#0"},
				"south": {"uv": [6.5, 7.25, 9, 8.75], "texture": "#0"},
				"west": {"uv": [7.5, 7.25, 8.5, 8.75], "texture": "#0"},
				"up": {"uv": [6.75, 7.5, 9.25, 8.5], "texture": "#0"},
				"down": {"uv": [6.25, 7.75, 8.75, 8.75], "texture": "#0"}
			}
		}
	]
}