{
	"textures": {
		"particle": "block/dark_oak_trapdoor",
		"0": "block/dark_oak_trapdoor",
		"1": "block/iron_block",
		"texture": "block/dark_oak_trapdoor"
		
	},
	"elements": [
		{
			"name": "Latte oben West",
			"from": [1.025, 13.725, 1],
			"to": [3.525, 15.225, 6],
			"faces": {
				"north": {"uv": [6.75, 7.25, 9.25, 8.75], "texture": "#0", "cullface": "north"},
				"east": {"uv": [5.25, 7, 10.25, 8.5], "texture": "#0"},
				"south": {"uv": [6.5, 7, 9, 8.5], "texture": "#0", "cullface": "north"},
				"west": {"uv": [5.25, 7, 10.25, 8.5], "texture": "#0"},
				"up": {"uv": [6.5, 5.5, 9, 10.5], "texture": "#0", "cullface": "up"},
				"down": {"uv": [6.5, 5.5, 9, 10.5], "texture": "#0"}
			}
		},
		{
			"name": "Kreuz Süd West",
			"from": [1.685, 6.9069, 0],
			"to": [3.285, 8.9069, 7.9],
			"rotation": {"angle": -45, "axis": "x", "origin": [1.685, 8.9069, 0]},
			"faces": {
				"north": {"uv": [7, 6.75, 8.6, 8.75], "texture": "#texture", "cullface": "south"},
				"east": {"uv": [3.5, 7, 11.4, 9], "texture": "#texture", "cullface": "south"},
				"south": {"uv": [7, 6.75, 8.6, 8.75], "texture": "#texture", "cullface": "south"},
				"west": {"uv": [3.75, 7, 11.65, 9], "texture": "#texture", "cullface": "south"},
				"up": {"uv": [7, 4, 8.6, 11.9], "texture": "#texture", "cullface": "south"},
				"down": {"uv": [7, 4.25, 8.6, 12.15], "texture": "#texture", "cullface": "south"}
			}
		},
		{
			"name": "Kreuz Nord West",
			"from": [1.5, 6.6539, 1.5],
			"to": [3.3, 8.6539, 8.9],
			"rotation": {"angle": 45, "axis": "x", "origin": [1.5, 8.6539, 1.5]},
			"faces": {
				"north": {"uv": [7, 6.75, 8.8, 8.75], "texture": "#texture", "cullface": "south"},
				"east": {"uv": [3.25, 7, 10.65, 9], "texture": "#texture", "cullface": "south"},
				"south": {"uv": [7, 7, 8.8, 9], "texture": "#texture", "cullface": "south"},
				"west": {"uv": [3.25, 6.75, 10.65, 8.75], "texture": "#texture", "cullface": "south"},
				"up": {"uv": [7, 5, 8.8, 12.4], "texture": "#texture", "cullface": "south"},
				"down": {"uv": [7, 4.75, 8.8, 12.15], "texture": "#texture", "cullface": "south"}
			}
		},
		{
			"name": "Latte unten West",
			"from": [1.025, 1.5, 1],
			"to": [3.525, 3, 6],
			"faces": {
				"north": {"uv": [4.5, 7, 7, 8.5], "texture": "#texture", "cullface": "north"},
				"east": {"uv": [5.5, 7, 10.5, 8.5], "texture": "#texture"},
				"south": {"uv": [8.5, 7, 11, 8.5], "texture": "#texture", "cullface": "north"},
				"west": {"uv": [3.5, 7, 8.5, 8.5], "texture": "#texture"},
				"up": {"uv": [6.5, 1.25, 9, 6.25], "texture": "#texture", "cullface": "down"},
				"down": {"uv": [6.5, 1.25, 9, 6.25], "texture": "#texture", "cullface": "down"}
			}
		},
		{
			"name": "Latte West Nord",
			"from": [1, 0.5, 0],
			"to": [3.8, 16, 1],
			"faces": {
				"north": {"uv": [6.5, 0.5, 9.3, 16], "texture": "#texture"},
				"east": {"uv": [7.5, 0.5, 8.5, 16], "texture": "#texture"},
				"south": {"uv": [6.5, 0.5, 9.3, 16], "texture": "#texture"},
				"west": {"uv": [7.25, 0.5, 8.25, 16], "texture": "#texture"},
				"up": {"uv": [2.75, 7.25, 5.55, 8.25], "texture": "#texture"},
				"down": {"uv": [3, 7.5, 5.8, 8.5], "texture": "#texture"}
			}
		},
		{
			"name": "Latte Nord West",
			"from": [1, 1, 6],
			"to": [3.5, 15.5, 7],
			"faces": {
				"north": {"uv": [6.75, 1.5, 9.25, 16], "texture": "#texture"},
				"east": {"uv": [7, 1.5, 8, 16], "texture": "#texture"},
				"south": {"uv": [6.5, 1.5, 9, 16], "texture": "#texture"},
				"west": {"uv": [7.25, 1.5, 8.25, 16], "texture": "#texture"},
				"up": {"uv": [6.5, 7.25, 9, 8.25], "texture": "#texture"},
				"down": {"uv": [6.5, 7.25, 9, 8.25], "texture": "#texture"}
			}
		},
		{
			"name": "Scharnier West Oben",
			"from": [1, 12, 7],
			"to": [2, 14, 8],
			"faces": {
				"north": {"uv": [0, 12.75, 2, 15.75], "texture": "#1"},
				"east": {"uv": [2.5, 13, 4.5, 16], "texture": "#1"},
				"south": {"uv": [0, 13, 2, 16], "texture": "#1"},
				"west": {"uv": [3, 13, 5, 16], "texture": "#1"},
				"up": {"uv": [0, 6.25, 2, 8.25], "texture": "#1"},
				"down": {"uv": [7, 7, 9, 9], "texture": "#1"}
			}
		},
		{
			"name": "Scharnier West Unten",
			"from": [1, 3, 7],
			"to": [2, 5, 8],
			"faces": {
				"north": {"uv": [0, 12.75, 2, 15.75], "texture": "#1"},
				"east": {"uv": [2.5, 13, 4.5, 16], "texture": "#1"},
				"south": {"uv": [0, 13, 2, 16], "texture": "#1"},
				"west": {"uv": [3, 13, 5, 16], "texture": "#1"},
				"up": {"uv": [0, 6.25, 2, 8.25], "texture": "#1"},
				"down": {"uv": [7, 7, 9, 9], "texture": "#1"}
			}
		},
		{
			"name": "Pfahl West",
			"from": [0, 0, 6.5],
			"to": [1, 16, 9.5],
			"faces": {
				"north": {"uv": [7.5, 0, 8.5, 16], "texture": "#texture"},
				"east": {"uv": [6.25, 0, 9.25, 16], "texture": "#texture"},
				"south": {"uv": [7, 0, 8, 16], "texture": "#texture"},
				"west": {"uv": [6.5, 0, 9.5, 16], "texture": "#texture"},
				"up": {"uv": [7.25, 5.5, 8.25, 9.5], "texture": "#texture"},
				"down": {"uv": [7.25, 5.5, 8.25, 9.5], "texture": "#texture"}
			}
		},
		{
			"name": "Latte oben",
			"from": [12.875, 13.725, 1],
			"to": [15.375, 15.225, 6],
			"faces": {
				"north": {"uv": [6.5, 7.25, 9, 8.75], "texture": "#0", "cullface": "north"},
				"east": {"uv": [5.25, 7, 10.25, 8.5], "texture": "#0"},
				"south": {"uv": [6.5, 7, 9, 8.5], "texture": "#0", "cullface": "north"},
				"west": {"uv": [5.5, 7, 10.5, 8.5], "texture": "#0"},
				"up": {"uv": [6.5, 5.25, 9, 10.25], "texture": "#0", "cullface": "up"},
				"down": {"uv": [6.75, 5, 9.25, 10], "texture": "#0"}
			}
		},
		{
			"name": "Latte unten",
			"from": [12.875, 1.5, 1],
			"to": [15.375, 3, 6],
			"faces": {
				"north": {"uv": [6.5, 7, 9, 8.5], "texture": "#texture", "cullface": "north"},
				"east": {"uv": [5.5, 7, 10.5, 8.5], "texture": "#texture"},
				"south": {"uv": [6.75, 7, 9.25, 8.5], "texture": "#texture", "cullface": "north"},
				"west": {"uv": [5.25, 7, 10.25, 8.5], "texture": "#texture"},
				"up": {"uv": [6.5, 5.25, 9, 10.25], "texture": "#texture", "cullface": "down"},
				"down": {"uv": [6.5, 5.25, 9, 10.25], "texture": "#texture", "cullface": "down"}
			}
		},
		{
			"name": "Kreuz Süd",
			"from": [13.2, 6.9069, 0],
			"to": [14.8, 8.9069, 7.9],
			"rotation": {"angle": -45, "axis": "x", "origin": [13.2, 8.9069, 0]},
			"faces": {
				"north": {"uv": [7, 6.75, 8.6, 8.75], "texture": "#texture", "cullface": "south"},
				"east": {"uv": [3.75, 6.75, 11.65, 8.75], "texture": "#texture", "cullface": "south"},
				"south": {"uv": [6.75, 6.75, 8.35, 8.75], "texture": "#texture", "cullface": "south"},
				"west": {"uv": [4, 6.75, 11.9, 8.75], "texture": "#texture", "cullface": "south"},
				"up": {"uv": [7.25, 4.25, 8.85, 12.15], "texture": "#texture", "cullface": "south"},
				"down": {"uv": [7, 4.25, 8.6, 12.15], "texture": "#texture", "cullface": "south"}
			}
		},
		{
			"name": "Kreuz Nord",
			"from": [13.1, 6.6539, 1.5],
			"to": [14.9, 8.6539, 8.9],
			"rotation": {"angle": 45, "axis": "x", "origin": [13.1, 8.6539, 1.5]},
			"faces": {
				"north": {"uv": [6.75, 6.75, 8.55, 8.75], "texture": "#texture", "cullface": "south"},
				"east": {"uv": [4, 7, 11.4, 9], "texture": "#texture", "cullface": "south"},
				"south": {"uv": [7, 6.75, 8.8, 8.75], "texture": "#texture", "cullface": "south"},
				"west": {"uv": [4.25, 6.75, 11.65, 8.75], "texture": "#texture", "cullface": "south"},
				"up": {"uv": [7, 4.5, 8.8, 11.9], "texture": "#texture", "cullface": "south"},
				"down": {"uv": [7, 4.25, 8.8, 11.65], "texture": "#texture", "cullface": "south"}
			}
		},
		{
			"name": "Latte Ost Nord",
			"from": [12.8, 0.5, 0],
			"to": [15.6, 16, 1],
			"faces": {
				"north": {"uv": [6.5, 0.5, 9.3, 16], "texture": "#texture"},
				"east": {"uv": [7.25, 0.5, 8.25, 16], "texture": "#texture"},
				"south": {"uv": [6.5, 0.5, 9.3, 16], "texture": "#texture"},
				"west": {"uv": [7.25, 0.5, 8.25, 16], "texture": "#texture"},
				"up": {"uv": [6.75, 7.5, 9.55, 8.5], "texture": "#texture"},
				"down": {"uv": [6.25, 7.25, 9.05, 8.25], "texture": "#texture"}
			}
		},
		{
			"name": "Latte Süd",
			"from": [12.8125, 1, 6],
			"to": [15.3125, 15.5, 7],
			"faces": {
				"north": {"uv": [6.5, 1.5, 9, 16], "texture": "#texture"},
				"east": {"uv": [7.25, 1, 8.25, 15.5], "texture": "#texture"},
				"south": {"uv": [6.5, 1.5, 9, 16], "texture": "#texture"},
				"west": {"uv": [7.25, 1, 8.25, 15.5], "texture": "#texture"},
				"up": {"uv": [6.25, 7.25, 8.75, 8.25], "texture": "#texture"},
				"down": {"uv": [6.75, 7.25, 9.25, 8.25], "texture": "#texture"}
			}
		},
		{
			"name": "Scharnier Ost Oben",
			"from": [14, 12, 7],
			"to": [15, 14, 8],
			"faces": {
				"north": {"uv": [14, 13, 16, 16], "texture": "#1"},
				"east": {"uv": [2.5, 13, 4.5, 16], "texture": "#1"},
				"south": {"uv": [14, 13, 16, 16], "texture": "#1"},
				"west": {"uv": [3, 13, 5, 16], "texture": "#1"},
				"up": {"uv": [14, 6, 16, 8], "texture": "#1"},
				"down": {"uv": [7, 7, 9, 9], "texture": "#1"}
			}
		},
		{
			"name": "Scharnier Ost Unten",
			"from": [14, 3, 7],
			"to": [15, 5, 8],
			"faces": {
				"north": {"uv": [14, 13, 16, 16], "texture": "#1"},
				"east": {"uv": [2.5, 13, 4.5, 16], "texture": "#1"},
				"south": {"uv": [14, 13, 16, 16], "texture": "#1"},
				"west": {"uv": [3, 13, 5, 16], "texture": "#1"},
				"up": {"uv": [14, 6, 16, 8], "texture": "#1"},
				"down": {"uv": [7, 7, 9, 9], "texture": "#1"}
			}
		},
		{
			"name": "Pfahl Ost",
			"from": [15, 0, 6.5],
			"to": [16, 16, 9.5],
			"faces": {
				"north": {"uv": [7.25, 0, 8.25, 16], "texture": "#texture"},
				"east": {"uv": [6.5, 0, 9.5, 16], "texture": "#texture"},
				"south": {"uv": [7.25, 0, 8.25, 16], "texture": "#texture"},
				"west": {"uv": [6.25, 0, 9.5, 16], "texture": "#texture"},
				"up": {"uv": [7.25, 5.5, 8.25, 9.5], "texture": "#texture"},
				"down": {"uv": [7.25, 5.75, 8.25, 9.75], "texture": "#texture"}
			}
		}
	]
}