{
    "ambientocclusion": false,
	"textures": {
		"edge": "block/iron_bars",
		"particle": "block/iron_bars"
	},
	"elements": [
		{
			"from": [7, 0.001, 7],
			"to": [9, 0.001, 9],
			"faces": {
				"up": {"uv": [4.25, 4.25, 6.25, 6.25], "texture": "#edge"},
				"down": {"uv": [4.25, 4.25, 6.25, 6.25], "texture": "#edge"}
			}
		},
		{
			"from": [7, 15.999, 7],
			"to": [9, 15.999, 9],
			"faces": {
				"up": {"uv": [4.25, 4.25, 6.25, 6.25], "texture": "#edge"},
				"down": {"uv": [4.25, 4.25, 6.25, 6.25], "texture": "#edge"}
			}
		}
	]
}
