{
    "ambientocclusion": false,
	"textures": {
		"1": "block/iron_block",
		"particle": "block/iron_block"
	},
	"elements": [
		{
			"from": [7, 0, 7],
			"to": [9, 16, 9],
			"faces": {
				"north": {"uv": [1.25, 0, 3.25, 16], "texture": "#1"},
				"east": {"uv": [1.5, 0, 3.5, 16], "texture": "#1"},
				"south": {"uv": [1.5, 0, 3.5, 16], "texture": "#1"},
				"west": {"uv": [1.5, 0, 3.5, 16], "texture": "#1"},
				"up": {"uv": [7, 7, 9, 9], "texture": "#1"},
				"down": {"uv": [7, 7, 9, 9], "texture": "#1"}
			}
		}
	]
}
