{
	"ambientocclusion": false,
	"textures": {
		"texture": "block/ladder",
		"particle": "block/ladder"
	},
	"elements": [
		{
			"from": [0, 0, 15.2],
			"to": [16, 16, 15.2],
			"shade": false,
			"faces": {
				"north": {"uv": [0, 0, 16, 16], "texture": "#texture"},
				"south": {"uv": [0, 0, 16, 16], "texture": "#texture"}
			}
		},
		{
			"from": [2.5, 0, 15],
			"to": [3.5, 16, 15.8],
			"faces": {
				"north": {"uv": [12.75, 0, 13.75, 16], "texture": "#texture"},
				"east": {"uv": [12.75, 0, 13.75, 16], "texture": "#texture"},
				"south": {"uv": [12.75, 0, 13.75, 16], "texture": "#texture"},
				"west": {"uv": [12.75, 0, 13.75, 16], "texture": "#texture"},
				"up": {"uv": [12.75, 0, 13.75, 1], "texture": "#texture"},
				"down": {"uv": [12.75, 0, 13.75, 1], "texture": "#texture"}
			}
		},
		{
			"from": [12.5, 0, 15],
			"to": [13.5, 16, 15.8],
			"faces": {
				"north": {"uv": [2.75, 0, 3.75, 16], "texture": "#texture"},
				"east": {"uv": [2.75, 0, 3.75, 16], "texture": "#texture"},
				"south": {"uv": [2.75, 0, 3.75, 16], "texture": "#texture"},
				"west": {"uv": [2.75, 0, 3.75, 16], "texture": "#texture"},
				"up": {"uv": [2.75, 0, 3.75, 1], "texture": "#texture"},
				"down": {"uv": [2.75, 0, 3.75, 1], "texture": "#texture"}
			}
		},
		{
			"from": [0.5, 2.3, 14.7],
			"to": [14.5, 3.3, 15.7],
			"faces": {
				"north": {"uv": [2, 12.75, 15, 13.75], "texture": "#texture"},
				"east": {"uv": [14.25, 12.5, 15.25, 13.5], "texture": "#texture"},
				"south": {"uv": [2.25, 12.75, 15.25, 13.75], "texture": "#texture"},
				"west": {"uv": [1.75, 12.75, 2.75, 13.75], "texture": "#texture"},
				"up": {"uv": [2, 12.5, 15, 13.5], "texture": "#texture"},
				"down": {"uv": [1.75, 12.75, 14.75, 13.75], "texture": "#texture"}
			}
		},
		{
			"from": [1.5, 7.1, 14.7],
			"to": [14.5, 8.1, 15.7],
			"faces": {
				"north": {"uv": [1.75, 7.75, 14.75, 8.75], "texture": "#texture"},
				"east": {"uv": [14, 7.75, 15, 8.75], "texture": "#texture"},
				"south": {"uv": [1.5, 7.75, 14.5, 8.75], "texture": "#texture"},
				"west": {"uv": [1.75, 6.75, 2.75, 7.75], "texture": "#texture"},
				"up": {"uv": [1.75, 7.75, 14.75, 8.75], "texture": "#texture"},
				"down": {"uv": [1.5, 7.75, 14.5, 8.75], "texture": "#texture"}
			}
		},
		{
			"from": [1.5, 12.4, 14.7],
			"to": [14.5, 13.4, 15.7],
			"faces": {
				"north": {"uv": [1.5, 2.5, 14.5, 3.5], "texture": "#texture"},
				"east": {"uv": [13.5, 2.75, 14.5, 3.75], "texture": "#texture"},
				"south": {"uv": [1.5, 2.5, 14.5, 3.5], "texture": "#texture"},
				"west": {"uv": [1.5, 1.75, 2.5, 2.75], "texture": "#texture"},
				"up": {"uv": [1.5, 2.5, 14.5, 3.5], "texture": "#texture"},
				"down": {"uv": [1.5, 2.5, 14.5, 3.5], "texture": "#texture"}
			}
		}
	]
}