{   "parent": "block/block",
    "display": {
        "gui": {
            "rotation": [ 30, 45, 0 ],
            "translation": [ 0, -1, 0],
            "scale":[ 0.8, 0.8, 0.8 ]
        },
        "head": {
            "rotation": [ 0, 0, 0 ],
            "translation": [ 0, -3, -6],
            "scale":[ 1, 1, 1]
        }
    },
	"textures": {
		"particle": "block/loom_bottom",
		"0": "block/loom_bottom",
		"1": "block/oak_log_top",
		"2": "block/oak_log"
	},
	"elements": [
		{
			"name": "Deckel West Unten",
			"from": [0, 0, 7],
			"to": [2, 0.5, 9],
			"faces": {
				"north": {"uv": [1.75, 0, 3.75, 0.5], "texture": "#1"},
				"east": {"uv": [1.75, 0, 3.75, 0.5], "texture": "#1"},
				"south": {"uv": [1.75, 0, 3.75, 0.5], "texture": "#1"},
				"west": {"uv": [1.75, 0, 3.75, 0.5], "texture": "#1"},
				"up": {"uv": [6.5, 6.5, 8.5, 8.5], "texture": "#1"},
				"down": {"uv": [7, 7.25, 9, 9.25], "texture": "#1"}
			}
		},
		{
			"name": "Deckel West",
			"from": [0, 15.5, 7],
			"to": [2, 16, 9],
			"faces": {
				"north": {"uv": [0, 0, 2, 0.5], "texture": "#1"},
				"east": {"uv": [0, 0, 2, 0.5], "texture": "#1"},
				"south": {"uv": [0, 0, 2, 0.5], "texture": "#1"},
				"west": {"uv": [0, 0, 2, 0.5], "texture": "#1"},
				"up": {"uv": [7.5, 6.25, 9.5, 8.25], "texture": "#1"},
				"down": {"uv": [7.5, 6.25, 9.5, 8.25], "texture": "#1"}
			}
		},
		{
			"name": "Deckel Ost Unten",
			"from": [14, 0, 7],
			"to": [16, 0.5, 9],
			"faces": {
				"north": {"uv": [1.75, 0, 3.75, 0.5], "texture": "#1"},
				"east": {"uv": [1.75, 0, 3.75, 0.5], "texture": "#1"},
				"south": {"uv": [1.75, 0, 3.75, 0.5], "texture": "#1"},
				"west": {"uv": [1.75, 0, 3.75, 0.5], "texture": "#1"},
				"up": {"uv": [6.5, 7, 8.5, 9], "texture": "#1"},
				"down": {"uv": [6.5, 7, 8.5, 9], "texture": "#1"}
			}
		},
		{
			"name": "Deckel Ost",
			"from": [14, 15.5, 7],
			"to": [16, 16, 9],
			"faces": {
				"north": {"uv": [0, 0, 2, 0.5], "texture": "#1"},
				"east": {"uv": [0, 0, 2, 0.5], "texture": "#1"},
				"south": {"uv": [0, 0, 2, 0.5], "texture": "#1"},
				"west": {"uv": [0, 0, 2, 0.5], "texture": "#1"},
				"up": {"uv": [7, 7, 9, 9], "texture": "#1"},
				"down": {"uv": [6.5, 7, 8.5, 9], "texture": "#1"}
			}
		},
		{
			"name": "Pfahl Ost",
			"from": [14, 0.5, 7],
			"to": [16, 15.5, 9],
			"faces": {
				"north": {"uv": [0, 0, 2, 15], "texture": "#2"},
				"east": {"uv": [0, 0, 2, 15], "texture": "#2"},
				"south": {"uv": [0, 0, 2, 15], "texture": "#2"},
				"west": {"uv": [0, 0, 2, 15], "texture": "#2"},
				"up": {"uv": [0, 0, 2, 2], "texture": "#2"},
				"down": {"uv": [0, 0, 2, 2], "texture": "#2"}
			}
		},
		{
			"name": "Pfahl West",
			"from": [0, 0.5, 7],
			"to": [2, 15.5, 9],
			"faces": {
				"north": {"uv": [0, 0, 2, 15], "texture": "#2"},
				"east": {"uv": [0, 0, 2, 15], "texture": "#2"},
				"south": {"uv": [0, 0, 2, 15], "texture": "#2"},
				"west": {"uv": [0, 0, 2, 15], "texture": "#2"},
				"up": {"uv": [0, 0, 2, 2], "texture": "#2"},
				"down": {"uv": [0, 0, 2, 2], "texture": "#2"}
			}
		},
		{
			"name": "Latte Ost",
			"from": [9, 12, 7.5],
			"to": [14, 14, 8.5],
			"faces": {
				"north": {"uv": [5, 10.25, 10, 12.25], "texture": "#0"},
				"east": {"uv": [0.25, 2.75, 1.25, 4.75], "texture": "#0"},
				"south": {"uv": [5.5, 10.25, 10.5, 12.25], "texture": "#0"},
				"west": {"uv": [0.25, 3.5, 1.25, 5.5], "texture": "#0"},
				"up": {"uv": [7.5, 4.25, 12.5, 5.25], "texture": "#0"},
				"down": {"uv": [7.25, 4.5, 12.25, 5.5], "texture": "#0"}
			}
		},
		{
			"name": "Latte West",
			"from": [2, 12, 7.5],
			"to": [7, 14, 8.5],
			"faces": {
				"north": {"uv": [4.75, 4, 9.75, 6], "texture": "#0"},
				"east": {"uv": [0.25, 9.25, 1.25, 11.25], "texture": "#0"},
				"south": {"uv": [3.75, 3.75, 8.75, 5.75], "texture": "#0"},
				"west": {"uv": [0.25, 9.25, 1.25, 11.25], "texture": "#0"},
				"up": {"uv": [8.25, 7.5, 13.25, 8.5], "texture": "#0"},
				"down": {"uv": [6.5, 7.75, 11.5, 8.75], "texture": "#0"}
			}
		},
		{
			"name": "Latte Ost Mitte",
			"from": [9, 8, 7.5],
			"to": [14, 10, 8.5],
			"faces": {
				"north": {"uv": [5.5, 10.25, 10.5, 12.25], "texture": "#0"},
				"east": {"uv": [14.75, 5.75, 15.75, 7.75], "texture": "#0"},
				"south": {"uv": [4.75, 10.25, 9.75, 12.25], "texture": "#0"},
				"west": {"uv": [14.75, 5.75, 15.75, 7.75], "texture": "#0"},
				"up": {"uv": [5.25, 0.25, 10.25, 1.25], "texture": "#0"},
				"down": {"uv": [5.25, 0.25, 10.25, 1.25], "texture": "#0"}
			}
		},
		{
			"name": "Latte West Mitte",
			"from": [2, 8, 7.5],
			"to": [7, 10, 8.5],
			"faces": {
				"north": {"uv": [5.5, 4, 10.5, 6], "texture": "#0"},
				"east": {"uv": [8, 6.75, 9, 8.75], "texture": "#0"},
				"south": {"uv": [5, 3.75, 10, 5.75], "texture": "#0"},
				"west": {"uv": [4.75, 7, 5.75, 9], "texture": "#0"},
				"up": {"uv": [2.5, 7.5, 7.5, 8.5], "texture": "#0"},
				"down": {"uv": [4.25, 7.25, 9.25, 8.25], "texture": "#0"}
			}
		},
		{
			"name": "Latte Ost Unten",
			"from": [9, 4, 7.5],
			"to": [14, 6, 8.5],
			"faces": {
				"north": {"uv": [5, 4, 10, 6], "texture": "#0"},
				"east": {"uv": [0.25, 9, 1.25, 11], "texture": "#0"},
				"south": {"uv": [6.25, 4, 11.25, 6], "texture": "#0"},
				"west": {"uv": [0.25, 6.5, 1.25, 8.5], "texture": "#0"},
				"up": {"uv": [5.75, 7.25, 10.75, 8.25], "texture": "#0"},
				"down": {"uv": [5.25, 7.5, 10.25, 8.5], "texture": "#0"}
			}
		},
		{
			"name": "Latte West Unten",
			"from": [2, 4, 7.5],
			"to": [7, 6, 8.5],
			"faces": {
				"north": {"uv": [6.25, 4, 11.25, 6], "texture": "#0"},
				"east": {"uv": [14.75, 12, 15.75, 14], "texture": "#0"},
				"south": {"uv": [8.25, 4, 13.25, 6], "texture": "#0"},
				"west": {"uv": [14.75, 7.25, 15.75, 9.25], "texture": "#0"},
				"up": {"uv": [5, 7.5, 10, 8.5], "texture": "#0"},
				"down": {"uv": [4.5, 7.75, 9.5, 8.75], "texture": "#0"}
			}
		},
		{
			"name": "Strebe Ost",
			"from": [8, 3.5, 7],
			"to": [9, 14.5, 9],
			"faces": {
				"north": {"uv": [0.25, 2.25, 1.25, 13.25], "texture": "#0"},
				"east": {"uv": [14.5, 2.25, 16, 13], "texture": "#0"},
				"south": {"uv": [0, 2.5, 1, 13.5], "texture": "#0"},
				"west": {"uv": [0, 1.75, 1.5, 12.5], "texture": "#0"},
				"up": {"uv": [4.5, 3.75, 5.5, 5.75], "texture": "#0"},
				"down": {"uv": [4.75, 3.75, 5.75, 5.75], "texture": "#0"}
			}
		},
		{
			"name": "Strebe West",
			"from": [7, 3.5, 7],
			"to": [8, 14.5, 9],
			"faces": {
				"north": {"uv": [0.25, 3.25, 1.25, 14.25], "texture": "#0"},
				"east": {"uv": [14.5, 2, 16, 12.75], "texture": "#0"},
				"south": {"uv": [14.5, 1.75, 15.5, 12.75], "texture": "#0"},
				"west": {"uv": [0, 2, 1.5, 12.75], "texture": "#0"},
				"up": {"uv": [4.75, 6.75, 5.75, 8.75], "texture": "#0"},
				"down": {"uv": [8, 10.5, 9, 12.5], "texture": "#0"}
			}
		}
	]
}