{
	"textures": {
		"particle": "block/loom_bottom",
		"0": "block/loom_bottom",
		"1": "block/oak_log_top",
		"2": "block/oak_log"
	},
	"elements": [
		{
			"name": "Deckel West Unten",
			"from": [0, 0, 7],
			"to": [2, 0.5, 9],
			"faces": {
				"north": {"uv": [1.75, 0, 3.75, 0.5], "texture": "#1"},
				"east": {"uv": [1.75, 0, 3.75, 0.5], "texture": "#1"},
				"south": {"uv": [1.75, 0, 3.75, 0.5], "texture": "#1"},
				"west": {"uv": [1.75, 0, 3.75, 0.5], "texture": "#1"},
				"up": {"uv": [6.5, 6.5, 8.5, 8.5], "texture": "#1"},
				"down": {"uv": [7, 7.25, 9, 9.25], "texture": "#1"}
			}
		},
		{
			"name": "Deckel West",
			"from": [0, 15.5, 7],
			"to": [2, 16, 9],
			"faces": {
				"north": {"uv": [0, 0, 2, 0.5], "texture": "#1"},
				"east": {"uv": [0, 0, 2, 0.5], "texture": "#1"},
				"south": {"uv": [0, 0, 2, 0.5], "texture": "#1"},
				"west": {"uv": [0, 0, 2, 0.5], "texture": "#1"},
				"up": {"uv": [7.5, 6.25, 9.5, 8.25], "texture": "#1"},
				"down": {"uv": [7.5, 6.25, 9.5, 8.25], "texture": "#1"}
			}
		},
		{
			"name": "Deckel Ost Unten",
			"from": [14, 0, 7],
			"to": [16, 0.5, 9],
			"faces": {
				"north": {"uv": [1.75, 0, 3.75, 0.5], "texture": "#1"},
				"east": {"uv": [1.75, 0, 3.75, 0.5], "texture": "#1"},
				"south": {"uv": [1.75, 0, 3.75, 0.5], "texture": "#1"},
				"west": {"uv": [1.75, 0, 3.75, 0.5], "texture": "#1"},
				"up": {"uv": [6.5, 7, 8.5, 9], "texture": "#1"},
				"down": {"uv": [6.5, 7, 8.5, 9], "texture": "#1"}
			}
		},
		{
			"name": "Deckel Ost",
			"from": [14, 15.5, 7],
			"to": [16, 16, 9],
			"faces": {
				"north": {"uv": [0, 0, 2, 0.5], "texture": "#1"},
				"east": {"uv": [0, 0, 2, 0.5], "texture": "#1"},
				"south": {"uv": [0, 0, 2, 0.5], "texture": "#1"},
				"west": {"uv": [0, 0, 2, 0.5], "texture": "#1"},
				"up": {"uv": [7, 7, 9, 9], "texture": "#1"},
				"down": {"uv": [6.5, 7, 8.5, 9], "texture": "#1"}
			}
		},
		{
			"name": "Pfahl Ost",
			"from": [14, 0.5, 7],
			"to": [16, 15.5, 9],
			"faces": {
				"north": {"uv": [0, 0, 2, 15], "texture": "#2"},
				"east": {"uv": [0, 0, 2, 15], "texture": "#2"},
				"south": {"uv": [0, 0, 2, 15], "texture": "#2"},
				"west": {"uv": [0, 0, 2, 15], "texture": "#2"},
				"up": {"uv": [0, 0, 2, 2], "texture": "#2"},
				"down": {"uv": [0, 0, 2, 2], "texture": "#2"}
			}
		},
		{
			"name": "Pfahl West",
			"from": [0, 0.5, 7],
			"to": [2, 15.5, 9],
			"faces": {
				"north": {"uv": [0, 0, 2, 15], "texture": "#2"},
				"east": {"uv": [0, 0, 2, 15], "texture": "#2"},
				"south": {"uv": [0, 0, 2, 15], "texture": "#2"},
				"west": {"uv": [0, 0, 2, 15], "texture": "#2"},
				"up": {"uv": [0, 0, 2, 2], "texture": "#2"},
				"down": {"uv": [0, 0, 2, 2], "texture": "#2"}
			}
		},
		{
			"name": "Latte Ost",
			"from": [14.5, 12, 9],
			"to": [15.5, 14, 14],
			"faces": {
				"north": {"uv": [8.25, 10.25, 9.25, 12.25], "texture": "#0"},
				"east": {"uv": [6, 6.75, 11, 8.75], "texture": "#0"},
				"south": {"uv": [7.25, 10.25, 8.25, 12.25], "texture": "#0"},
				"west": {"uv": [5.75, 7, 10.75, 9], "texture": "#0"},
				"up": {"uv": [0.25, 3.25, 1.25, 8.25], "texture": "#0"},
				"down": {"uv": [14.75, 2.25, 15.75, 7.25], "texture": "#0"}
			}
		},
		{
			"name": "Latte West",
			"from": [0.5, 12, 9],
			"to": [1.5, 14, 14],
			"faces": {
				"north": {"uv": [2.5, 3.75, 3.5, 5.75], "texture": "#0"},
				"east": {"uv": [8, 6.75, 13, 8.75], "texture": "#0"},
				"south": {"uv": [2.5, 3.75, 3.5, 5.75], "texture": "#0"},
				"west": {"uv": [8, 10.25, 13, 12.25], "texture": "#0"},
				"up": {"uv": [14.75, 4, 15.75, 9], "texture": "#0"},
				"down": {"uv": [14.5, 8.25, 15.5, 13.25], "texture": "#0"}
			}
		},
		{
			"name": "Latte Ost Mitte",
			"from": [14.5, 8, 9],
			"to": [15.5, 10, 14],
			"faces": {
				"north": {"uv": [0.5, 6, 1.5, 8], "texture": "#0"},
				"east": {"uv": [3.5, 10.25, 8.5, 12.25], "texture": "#0"},
				"south": {"uv": [0.5, 8.25, 1.5, 10.25], "texture": "#0"},
				"west": {"uv": [5.75, 6.75, 10.75, 8.75], "texture": "#0"},
				"up": {"uv": [14.75, 3.75, 15.75, 8.75], "texture": "#0"},
				"down": {"uv": [14.75, 3, 15.75, 8], "texture": "#0"}
			}
		},
		{
			"name": "Latte West Mitte",
			"from": [0.5, 8, 9],
			"to": [1.5, 10, 14],
			"faces": {
				"north": {"uv": [6.5, 4, 7.5, 6], "texture": "#0"},
				"east": {"uv": [5, 7, 10, 9], "texture": "#0"},
				"south": {"uv": [6.5, 3.75, 7.5, 5.75], "texture": "#0"},
				"west": {"uv": [5.25, 3.75, 10.25, 5.75], "texture": "#0"},
				"up": {"uv": [14.75, 5.75, 15.75, 10.75], "texture": "#0"},
				"down": {"uv": [0, 6.75, 1, 11.75], "texture": "#0"}
			}
		},
		{
			"name": "Latte Ost Unten",
			"from": [14.5, 4, 9],
			"to": [15.5, 6, 14],
			"faces": {
				"north": {"uv": [2.5, 10.25, 3.5, 12.25], "texture": "#0"},
				"east": {"uv": [8.75, 3.75, 13.75, 5.75], "texture": "#0"},
				"south": {"uv": [2.5, 10.25, 3.5, 12.25], "texture": "#0"},
				"west": {"uv": [8.5, 7, 13.5, 9], "texture": "#0"},
				"up": {"uv": [15, 5.75, 16, 10.75], "texture": "#0"},
				"down": {"uv": [0, 5.25, 1, 10.25], "texture": "#0"}
			}
		},
		{
			"name": "Latte West Unten",
			"from": [0.5, 4, 9],
			"to": [1.5, 6, 14],
			"rotation": {"angle": 0, "axis": "y", "origin": [6.5, 8, 9.5]},
			"faces": {
				"north": {"uv": [7, 3.5, 8, 5.5], "texture": "#0"},
				"east": {"uv": [6.25, 7, 11.25, 9], "texture": "#0"},
				"south": {"uv": [8.5, 3.5, 9.5, 5.5], "texture": "#0"},
				"west": {"uv": [3, 7, 8, 9], "texture": "#0"},
				"up": {"uv": [0.5, 3.25, 1.5, 8.25], "texture": "#0"},
				"down": {"uv": [14.75, 5.25, 15.75, 10.25], "texture": "#0"}
			}
		},
		{
			"name": "Strebe Ost",
			"from": [14, 3.5, 14],
			"to": [16, 14.5, 15],
			"faces": {
				"north": {"uv": [0, 2, 1.5, 12.75], "texture": "#0"},
				"east": {"uv": [0, 3.25, 1, 14.25], "texture": "#0"},
				"south": {"uv": [0, 3.75, 1.5, 14], "texture": "#0"},
				"west": {"uv": [0, 2.25, 1, 13.25], "texture": "#0"},
				"up": {"uv": [5.75, 0, 7.75, 1], "texture": "#0"},
				"down": {"uv": [6.5, 0, 8.5, 1], "texture": "#0"}
			}
		},
		{
			"name": "Strebe West",
			"from": [0, 3.5, 14],
			"to": [2, 14.5, 15],
			"faces": {
				"north": {"uv": [0, 2.25, 1.5, 12.75], "texture": "#0"},
				"east": {"uv": [14.75, 2.75, 15.75, 13.75], "texture": "#0"},
				"south": {"uv": [0, 3.5, 1.5, 14.25], "texture": "#0"},
				"west": {"uv": [0, 2.75, 1, 13.75], "texture": "#0"},
				"up": {"uv": [6, 14.75, 8, 15.75], "texture": "#0"},
				"down": {"uv": [2.75, 14.75, 4.75, 15.75], "texture": "#0"}
			}
		}
	]
}