{   "parent": "block/block",
    "display": {
        "gui": {
            "rotation": [ 30, 135, 0 ],
            "translation": [ 0, 0, 0],
            "scale":[ 0.625, 0.625, 0.625 ]
        },
        "fixed": {
            "rotation": [ 0, 90, 0 ],
            "translation": [ 0, 0, 0],
            "scale":[ 0.5, 0.5, 0.5 ]
        }
    },
    "ambientocclusion": false,
	"textures": {
		"particle": "block/loom_bottom",
		"0": "block/loom_bottom",
		"1": "block/oak_log_top",
		"2": "block/oak_log"
	},
	"elements": [
		{
			"name": "Deckel West Unten",
			"from": [0.8, 0, 6.8],
			"to": [3.2, 0.5, 9.2],
			"faces": {
				"north": {"uv": [1.75, 0, 3.75, 0.5], "texture": "#1"},
				"east": {"uv": [1.75, 0, 3.75, 0.5], "texture": "#1"},
				"south": {"uv": [1.75, 0, 3.75, 0.5], "texture": "#1"},
				"west": {"uv": [1.75, 0, 3.75, 0.5], "texture": "#1"},
				"up": {"uv": [6.5, 6.5, 8.5, 8.5], "texture": "#1"},
				"down": {"uv": [7, 7.25, 9, 9.25], "texture": "#1"}
			}
		},
		{
			"name": "Deckel West",
			"from": [0.8, 15.5, 6.8],
			"to": [3.2, 16, 9.2],
			"faces": {
				"north": {"uv": [0, 0, 2, 0.5], "texture": "#1"},
				"east": {"uv": [0, 0, 2, 0.5], "texture": "#1"},
				"south": {"uv": [0, 0, 2, 0.5], "texture": "#1"},
				"west": {"uv": [0, 0, 2, 0.5], "texture": "#1"},
				"up": {"uv": [7.5, 6.25, 9.5, 8.25], "texture": "#1"},
				"down": {"uv": [7.5, 6.25, 9.5, 8.25], "texture": "#1"}
			}
		},
		{
			"name": "Deckel Ost Unten",
			"from": [12.8, 0, 6.8],
			"to": [15.2, 0.5, 9.2],
			"faces": {
				"north": {"uv": [1.75, 0, 3.75, 0.5], "texture": "#1"},
				"east": {"uv": [1.75, 0, 3.75, 0.5], "texture": "#1"},
				"south": {"uv": [1.75, 0, 3.75, 0.5], "texture": "#1"},
				"west": {"uv": [1.75, 0, 3.75, 0.5], "texture": "#1"},
				"up": {"uv": [6.5, 7, 8.5, 9], "texture": "#1"},
				"down": {"uv": [6.5, 7, 8.5, 9], "texture": "#1"}
			}
		},
		{
			"name": "Deckel Ost",
			"from": [12.8, 15.5, 6.8],
			"to": [15.2, 16, 9.2],
			"faces": {
				"north": {"uv": [0, 0, 2, 0.5], "texture": "#1"},
				"east": {"uv": [0, 0, 2, 0.5], "texture": "#1"},
				"south": {"uv": [0, 0, 2, 0.5], "texture": "#1"},
				"west": {"uv": [0, 0, 2, 0.5], "texture": "#1"},
				"up": {"uv": [7, 7, 9, 9], "texture": "#1"},
				"down": {"uv": [6.5, 7, 8.5, 9], "texture": "#1"}
			}
		},
		{
			"name": "Pfahl Ost",
			"from": [12.8, 0.5, 6.8],
			"to": [15.2, 15.5, 9.2],
			"faces": {
				"north": {"uv": [0, 0, 2, 15], "texture": "#2"},
				"east": {"uv": [0, 0, 2, 15], "texture": "#2"},
				"south": {"uv": [0, 0, 2, 15], "texture": "#2"},
				"west": {"uv": [0, 0, 2, 15], "texture": "#2"},
				"up": {"uv": [0, 0, 2, 2], "texture": "#2"},
				"down": {"uv": [0, 0, 2, 2], "texture": "#2"}
			}
		},
		{
			"name": "Pfahl West",
			"from": [0.8, 0.5, 6.8],
			"to": [3.2, 15.5, 9.2],
			"faces": {
				"north": {"uv": [0, 0, 2, 15], "texture": "#2"},
				"east": {"uv": [0, 0, 2, 15], "texture": "#2"},
				"south": {"uv": [0, 0, 2, 15], "texture": "#2"},
				"west": {"uv": [0, 0, 2, 15], "texture": "#2"},
				"up": {"uv": [0, 0, 2, 2], "texture": "#2"},
				"down": {"uv": [0, 0, 2, 2], "texture": "#2"}
			}
		},
		{
			"name": "Latte West",
			"from": [0, 12, 7.5],
			"to": [16, 14, 8.5],
			"faces": {
				"north": {"uv": [0, 7, 16, 9], "texture": "#0"},
				"east": {"uv": [0, 3, 1, 5], "texture": "#0"},
				"south": {"uv": [0, 7, 16, 9], "texture": "#0"},
				"west": {"uv": [0.25, 2.5, 1.25, 4.5], "texture": "#0"},
				"up": {"uv": [0, 10.5, 16, 11.5], "texture": "#0"},
				"down": {"uv": [0, 10.5, 16, 11.5], "texture": "#0"}
			}
		},
		{
			"name": "Latte West Mitte",
			"from": [0, 8, 7.5],
			"to": [16, 10, 8.5],
			"faces": {
				"north": {"uv": [0, 10.25, 16, 12.25], "texture": "#0"},
				"east": {"uv": [0.25, 4.5, 1.25, 6.5], "texture": "#0"},
				"south": {"uv": [0, 10.25, 16, 12.25], "texture": "#0"},
				"west": {"uv": [0.25, 3.5, 1.25, 5.5], "texture": "#0"},
				"up": {"uv": [0, 7.25, 16, 8.25], "texture": "#0"},
				"down": {"uv": [0, 10.5, 16, 11.5], "texture": "#0"}
			}
		},
		{
			"name": "Latte West Unten",
			"from": [0, 4, 7.5],
			"to": [16, 6, 8.5],
			"faces": {
				"north": {"uv": [0, 7, 16, 9], "texture": "#0"},
				"east": {"uv": [0.25, 7, 1.25, 9], "texture": "#0"},
				"south": {"uv": [0, 7, 16, 9], "texture": "#0"},
				"west": {"uv": [0.25, 9, 1.25, 11], "texture": "#0"},
				"up": {"uv": [0, 10.75, 16, 11.75], "texture": "#0"},
				"down": {"uv": [0, 7.5, 16, 8.5], "texture": "#0"}
			}
		}
	]
}