{   
	"textures": {
		"particle": "block/oak_planks",
		"0": "block/oak_planks",
		"1": "block/oak_log_top",
		"2": "block/oak_log"
	},
	"elements": [
		{
			"name": "Deckel West Unten",
			"from": [0, 0, 7],
			"to": [2, 0.5, 9],
			"faces": {
				"north": {"uv": [1.75, 0, 3.75, 0.5], "texture": "#1"},
				"east": {"uv": [1.75, 0, 3.75, 0.5], "texture": "#1"},
				"south": {"uv": [1.75, 0, 3.75, 0.5], "texture": "#1"},
				"west": {"uv": [1.75, 0, 3.75, 0.5], "texture": "#1"},
				"up": {"uv": [6.5, 6.5, 8.5, 8.5], "texture": "#1"},
				"down": {"uv": [7, 7.25, 9, 9.25], "texture": "#1"}
			}
		},
		{
			"name": "Deckel West",
			"from": [0, 15.5, 7],
			"to": [2, 16, 9],
			"faces": {
				"north": {"uv": [0, 0, 2, 0.5], "texture": "#1"},
				"east": {"uv": [0, 0, 2, 0.5], "texture": "#1"},
				"south": {"uv": [0, 0, 2, 0.5], "texture": "#1"},
				"west": {"uv": [0, 0, 2, 0.5], "texture": "#1"},
				"up": {"uv": [7.5, 6.25, 9.5, 8.25], "texture": "#1"},
				"down": {"uv": [7.5, 6.25, 9.5, 8.25], "texture": "#1"}
			}
		},
		{
			"name": "Deckel Ost Unten",
			"from": [14, 0, 7],
			"to": [16, 0.5, 9],
			"faces": {
				"north": {"uv": [1.75, 0, 3.75, 0.5], "texture": "#1"},
				"east": {"uv": [1.75, 0, 3.75, 0.5], "texture": "#1"},
				"south": {"uv": [1.75, 0, 3.75, 0.5], "texture": "#1"},
				"west": {"uv": [1.75, 0, 3.75, 0.5], "texture": "#1"},
				"up": {"uv": [6.5, 7, 8.5, 9], "texture": "#1"},
				"down": {"uv": [6.5, 7, 8.5, 9], "texture": "#1"}
			}
		},
		{
			"name": "Deckel Ost",
			"from": [14, 15.5, 7],
			"to": [16, 16, 9],
			"faces": {
				"north": {"uv": [0, 0, 2, 0.5], "texture": "#1"},
				"east": {"uv": [0, 0, 2, 0.5], "texture": "#1"},
				"south": {"uv": [0, 0, 2, 0.5], "texture": "#1"},
				"west": {"uv": [0, 0, 2, 0.5], "texture": "#1"},
				"up": {"uv": [7, 7, 9, 9], "texture": "#1"},
				"down": {"uv": [6.5, 7, 8.5, 9], "texture": "#1"}
			}
		},
		{
			"name": "Pfahl Ost",
			"from": [14, 0.5, 7],
			"to": [16, 15.5, 9],
			"faces": {
				"north": {"uv": [0, 0, 2, 15], "texture": "#2"},
				"east": {"uv": [0, 0, 2, 15], "texture": "#2"},
				"south": {"uv": [0, 0, 2, 15], "texture": "#2"},
				"west": {"uv": [0, 0, 2, 15], "texture": "#2"},
				"up": {"uv": [0, 0, 2, 2], "texture": "#2"},
				"down": {"uv": [0, 0, 2, 2], "texture": "#2"}
			}
		},
		{
			"name": "Pfahl West",
			"from": [0, 0.5, 7],
			"to": [2, 15.5, 9],
			"faces": {
				"north": {"uv": [0, 0, 2, 15], "texture": "#2"},
				"east": {"uv": [0, 0, 2, 15], "texture": "#2"},
				"south": {"uv": [0, 0, 2, 15], "texture": "#2"},
				"west": {"uv": [0, 0, 2, 15], "texture": "#2"},
				"up": {"uv": [0, 0, 2, 2], "texture": "#2"},
				"down": {"uv": [0, 0, 2, 2], "texture": "#2"}
			}
		},
		{
			"name": "Latte Ost",
			"from": [9, 12, 7.5],
			"to": [14, 14, 8.5],
			"faces": {
				"north": {"uv": [5, 10.25, 10, 12.25], "texture": "#0"},
				"east": {"uv": [0, 0, 1, 2], "texture": "#0"},
				"south": {"uv": [5.5, 10.25, 10.5, 12.25], "texture": "#0"},
				"west": {"uv": [0, 0, 1, 2], "texture": "#0"},
				"up": {"uv": [9.75, 4.5, 14.75, 5.5], "texture": "#0"},
				"down": {"uv": [8, 2.5, 13, 3.5], "texture": "#0"}
			}
		},
		{
			"name": "Latte West",
			"from": [2, 12, 7.5],
			"to": [7, 14, 8.5],
			"faces": {
				"north": {"uv": [0, 0.5, 5, 2.5], "texture": "#0"},
				"east": {"uv": [0, 0, 1, 2], "texture": "#0"},
				"south": {"uv": [0, 0.5, 5, 2.5], "texture": "#0"},
				"west": {"uv": [0, 0, 1, 2], "texture": "#0"},
				"up": {"uv": [10.75, 10.75, 15.75, 11.75], "texture": "#0"},
				"down": {"uv": [11, 6, 16, 7], "texture": "#0"}
			}
		},
		{
			"name": "Latte Ost Mitte",
			"from": [9, 8, 7.5],
			"to": [14, 10, 8.5],
			"faces": {
				"north": {"uv": [0.75, 7.25, 5.75, 9.25], "texture": "#0"},
				"east": {"uv": [0, 0, 1, 2], "texture": "#0"},
				"south": {"uv": [2.75, 7.25, 7.75, 9.25], "texture": "#0"},
				"west": {"uv": [0, 0, 1, 2], "texture": "#0"},
				"up": {"uv": [0.25, 13.75, 5.25, 14.75], "texture": "#0"},
				"down": {"uv": [10, 2.5, 15, 3.5], "texture": "#0"}
			}
		},
		{
			"name": "Latte West Mitte",
			"from": [2, 8, 7.5],
			"to": [7, 10, 8.5],
			"faces": {
				"north": {"uv": [6.75, 1, 11.75, 3], "texture": "#0"},
				"east": {"uv": [0, 0, 1, 2], "texture": "#0"},
				"south": {"uv": [6.75, 1, 11.75, 3], "texture": "#0"},
				"west": {"uv": [0, 0, 1, 2], "texture": "#0"},
				"up": {"uv": [2.5, 7.5, 7.5, 8.5], "texture": "#0"},
				"down": {"uv": [0, 9, 5, 10], "texture": "#0"}
			}
		},
		{
			"name": "Latte Ost Unten",
			"from": [9, 4, 7.5],
			"to": [14, 6, 8.5],
			"faces": {
				"north": {"uv": [10.75, 10.25, 15.75, 12.25], "texture": "#0"},
				"east": {"uv": [0, 0, 1, 2], "texture": "#0"},
				"south": {"uv": [10.75, 10.25, 15.75, 12.25], "texture": "#0"},
				"west": {"uv": [0, 0, 1, 2], "texture": "#0"},
				"up": {"uv": [4.75, 1.25, 9.75, 2.25], "texture": "#0"},
				"down": {"uv": [11, 2.5, 16, 3.5], "texture": "#0"}
			}
		},
		{
			"name": "Latte West Unten",
			"from": [2, 4, 7.5],
			"to": [7, 6, 8.5],
			"faces": {
				"north": {"uv": [7, 3.5, 12, 5.5], "texture": "#0"},
				"east": {"uv": [0, 0, 1, 2], "texture": "#0"},
				"south": {"uv": [6.5, 3.5, 11.5, 5.5], "texture": "#0"},
				"west": {"uv": [0, 0, 1, 2], "texture": "#0"},
				"up": {"uv": [0, 1, 5, 2], "texture": "#0"},
				"down": {"uv": [11, 9.25, 16, 10.25], "texture": "#0"}
			}
		},
		{
			"name": "Strebe Ost",
			"from": [8, 3.5, 7],
			"to": [9, 14.5, 9],
			"faces": {
				"north": {"uv": [0, 0.5, 15, 2.5], "texture": "#0", "rotation": 90},
				"east": {"uv": [0, 0.5, 15, 2.5], "texture": "#0", "rotation": 90},
				"south": {"uv": [0, 0.5, 15, 2.5], "texture": "#0", "rotation": 90},
				"west": {"uv": [0, 0.5, 15, 2.5], "texture": "#0", "rotation": 90},
				"up": {"uv": [4.5, 3.25, 6.75, 6.5], "texture": "#0"},
				"down": {"uv": [4.5, 3.25, 6.75, 6.5], "texture": "#0"}
			}
		},
		{
			"name": "Strebe West",
			"from": [7, 3.5, 7],
			"to": [8, 14.5, 9],
			"faces": {
				"north": {"uv": [0, 0.5, 15, 2.5], "texture": "#0", "rotation": 90},
				"east": {"uv": [0, 0.5, 15, 2.5], "texture": "#0", "rotation": 90},
				"south": {"uv": [0, 0.5, 15, 2.5], "texture": "#0", "rotation": 90},
				"west": {"uv": [0, 0.5, 15, 2.5], "texture": "#0", "rotation": 90},
				"up": {"uv": [4.5, 3.25, 6.75, 6.5], "texture": "#0"},
				"down": {"uv": [4.5, 3.25, 6.75, 6.5], "texture": "#0"}
			}
		}
	]
}