{
	"textures": {
		"particle": "block/loom_bottom",
		"1": "block/oak_log_top",
		"2": "block/oak_log"
	},
	"elements": [
		{
			"name": "Deckel Unten",
			"from": [6.8, 0, 6.8],
			"to": [9.2, 0.5, 9.2],
			"faces": {
				"north": {"uv": [1.75, 0, 3.75, 0.5], "texture": "#1"},
				"east": {"uv": [1.75, 0, 3.75, 0.5], "texture": "#1"},
				"south": {"uv": [1.75, 0, 3.75, 0.5], "texture": "#1"},
				"west": {"uv": [1.75, 0, 3.75, 0.5], "texture": "#1"},
				"up": {"uv": [6.5, 7, 8.5, 9], "texture": "#1"},
				"down": {"uv": [6.5, 7, 8.5, 9], "texture": "#1"}
			}
		},
		{
			"name": "Deckel",
			"from": [6.8, 15.5, 6.8],
			"to": [9.2, 16, 9.2],
			"faces": {
				"north": {"uv": [0, 0, 2, 0.5], "texture": "#1"},
				"east": {"uv": [0, 0, 2, 0.5], "texture": "#1"},
				"south": {"uv": [0, 0, 2, 0.5], "texture": "#1"},
				"west": {"uv": [0, 0, 2, 0.5], "texture": "#1"},
				"up": {"uv": [7, 7, 9, 9], "texture": "#1"},
				"down": {"uv": [6.5, 7, 8.5, 9], "texture": "#1"}
			}
		},
		{
			"name": "Pfahl",
			"from": [6.8, 0.5, 6.8],
			"to": [9.2, 15.5, 9.2],
			"faces": {
				"north": {"uv": [0, 0, 2, 15], "texture": "#2"},
				"east": {"uv": [0, 0, 2, 15], "texture": "#2"},
				"south": {"uv": [0, 0, 2, 15], "texture": "#2"},
				"west": {"uv": [0, 0, 2, 15], "texture": "#2"},
				"up": {"uv": [0, 0, 2, 2], "texture": "#2"},
				"down": {"uv": [0, 0, 2, 2], "texture": "#2"}
			}
		}
	]
}