{
	"textures": {
		"particle": "block/loom_bottom",
		"0": "block/loom_bottom"
	},
	"elements": [
		{
			"name": "Latte West",
			"from": [7.5, 12, 0],
			"to": [8.5, 14, 8],
			"faces": {
				"north": {"uv": [0.25, 3.25, 1.25, 5.25], "texture": "#0"},
				"east": {"uv": [3.5, 10.25, 11.5, 12.25], "texture": "#0"},
				"south": {"uv": [0.25, 4.5, 1.25, 6.5], "texture": "#0"},
				"west": {"uv": [3.75, 10.25, 11.75, 12.25], "texture": "#0"},
				"up": {"uv": [14.75, 3.5, 15.75, 11.5], "texture": "#0"},
				"down": {"uv": [0.25, 4.5, 1.25, 12.5], "texture": "#0"}
			}
		},
		{
			"name": "Latte West Mitte",
			"from": [7.5, 8, 0],
			"to": [8.5, 10, 8],
			"faces": {
				"north": {"uv": [0, 10, 1, 12], "texture": "#0"},
				"east": {"uv": [5.5, 3.75, 13.5, 5.75], "texture": "#0"},
				"south": {"uv": [0, 12, 1, 14], "texture": "#0"},
				"west": {"uv": [5.5, 3.75, 13.5, 5.75], "texture": "#0"},
				"up": {"uv": [14.5, 3, 15.5, 11], "texture": "#0"},
				"down": {"uv": [14.75, 3.25, 15.75, 11.25], "texture": "#0"}
			}
		},
		{
			"name": "Latte West Unten",
			"from": [7.5, 4, 0],
			"to": [8.5, 6, 8],
			"faces": {
				"north": {"uv": [15, 10.25, 16, 12.25], "texture": "#0"},
				"east": {"uv": [2.75, 7, 10.75, 9], "texture": "#0"},
				"south": {"uv": [15, 10.25, 16, 12.25], "texture": "#0"},
				"west": {"uv": [2.75, 7, 10.75, 9], "texture": "#0"},
				"up": {"uv": [0, 4.25, 1, 12.25], "texture": "#0"},
				"down": {"uv": [0, 4.75, 1, 12.75], "texture": "#0"}
			}
		}
	]
}