{
	"textures": {
		"particle": "block/stripped_spruce_log_top",
		"0": "block/stripped_spruce_log_top"
	},
	"elements": [
		{
			"name": "Latte 1",
			"from": [7.3, 13, 0.1],
			"to": [8.7, 14.4, 8],
			"faces": {
				"north": {"uv": [7.5, 7.25, 8.9, 8.65], "texture": "#0"},
				"east": {"uv": [4, 4.5, 11.9, 5.9], "texture": "#0"},
				"south": {"uv": [7, 7.5, 8.4, 8.9], "texture": "#0"},
				"west": {"uv": [3.75, 4.5, 11.65, 5.9], "texture": "#0"},
				"up": {"uv": [1.25, 1, 2.65, 8.9], "texture": "#0"},
				"down": {"uv": [1, 1, 2.4, 8.9], "texture": "#0"}
			}
		},
		{
			"name": "Latte Deko 1",
			"from": [7.1, 13.2, 0.15],
			"to": [8.9, 14.2, 8],
			"faces": {
				"north": {"uv": [7.25, 4.75, 9.05, 5.75], "texture": "#0"},
				"east": {"uv": [3.25, 5.25, 11.1, 6.25], "texture": "#0"},
				"south": {"uv": [7.25, 4.75, 9.05, 5.75], "texture": "#0"},
				"west": {"uv": [3.5, 4.75, 11.35, 5.75], "texture": "#0"},
				"up": {"uv": [7.25, 3.5, 9.05, 11.35], "texture": "#0"},
				"down": {"uv": [7, 3.75, 8.8, 11.6], "texture": "#0"}
			}
		},
		{
			"name": "Latte Deko2 1",
			"from": [7.5, 12.8, 0],
			"to": [8.5, 14.6, 8],
			"faces": {
				"north": {"uv": [7.25, 11.5, 8.25, 13.3], "texture": "#0"},
				"east": {"uv": [3.75, 11.5, 11.75, 13.3], "texture": "#0"},
				"south": {"uv": [6.75, 11.5, 7.75, 13.3], "texture": "#0"},
				"west": {"uv": [3.25, 11.5, 11.25, 13.3], "texture": "#0"},
				"up": {"uv": [10.75, 4.5, 11.75, 12.5], "texture": "#0"},
				"down": {"uv": [5.25, 4.5, 6.25, 12.5], "texture": "#0"}
			}
		},
		{
			"name": "Latte 2",
			"from": [7.3, 5, 0.1],
			"to": [8.7, 6.4, 8],
			"faces": {
				"north": {"uv": [7.25, 0.25, 8.65, 1.65], "texture": "#0"},
				"east": {"uv": [0.75, 8, 8.65, 9.4], "texture": "#0"},
				"south": {"uv": [7.25, 0.25, 8.65, 1.65], "texture": "#0"},
				"west": {"uv": [0.75, 7.75, 8.65, 9.15], "texture": "#0"},
				"up": {"uv": [1, 7.5, 2.4, 15.4], "texture": "#0"},
				"down": {"uv": [0.75, 7.5, 2.15, 15.4], "texture": "#0"}
			}
		},
		{
			"name": "Latte Deko 2",
			"from": [7.1, 5.2, 0.15],
			"to": [8.9, 6.2, 8],
			"faces": {
				"north": {"uv": [7.25, 6.75, 9.05, 7.75], "texture": "#0"},
				"east": {"uv": [3.75, 4.75, 11.6, 5.75], "texture": "#0"},
				"south": {"uv": [7, 6.75, 8.8, 7.75], "texture": "#0"},
				"west": {"uv": [3, 4.75, 10.85, 5.75], "texture": "#0"},
				"up": {"uv": [7.25, 6.75, 9.05, 14.6], "texture": "#0"},
				"down": {"uv": [7.5, 6.5, 9.3, 14.35], "texture": "#0"}
			}
		},
		{
			"name": "Latte Deko2 2",
			"from": [7.5, 4.8, 0],
			"to": [8.5, 6.6, 8],
			"faces": {
				"north": {"uv": [8, 7, 9, 8.8], "texture": "#0"},
				"east": {"uv": [3.5, 4.5, 11.5, 6.3], "texture": "#0"},
				"south": {"uv": [7, 7, 8, 8.8], "texture": "#0"},
				"west": {"uv": [3.75, 4.5, 11.75, 6.3], "texture": "#0"},
				"up": {"uv": [8.25, 4.25, 9.25, 12.25], "texture": "#0"},
				"down": {"uv": [8, 4.25, 9, 12.25], "texture": "#0"}
			}
		}
	]
}