{
	"textures": {
		"particle": "block/stripped_spruce_log_top",
		"0": "block/stripped_spruce_log_top"		
	},
	"elements": [
		{
			"name": "Strebe 1",
			"from": [0.4, 4, 7],
			"to": [2.4, 16, 9],
			"faces": {
				"north": {"uv": [6.75, 2.75, 8.75, 14.75], "texture": "#0"},
				"east": {"uv": [6.75, 2.25, 8.75, 14.25], "texture": "#0"},
				"south": {"uv": [6.75, 2.25, 8.75, 14.25], "texture": "#0"},
				"west": {"uv": [6.25, 2.5, 8.25, 14.5], "texture": "#0", "cullface": "west"},
				"up": {"uv": [7, 7, 9, 9], "texture": "#0"},
				"down": {"uv": [7.25, 7, 9.25, 9], "texture": "#0"}
			}
		},
		{
			"name": "Strebe Deko 1",
			"from": [0, 4.3, 7.3],
			"to": [2.8, 15.7, 8.7],
			"faces": {
				"north": {"uv": [6.5, 2.5, 9.3, 13.9], "texture": "#0", "cullface": "west"},
				"east": {"uv": [7.5, 2.5, 8.9, 13.9], "texture": "#0", "cullface": "west"},
				"south": {"uv": [7, 2.5, 9.8, 13.9], "texture": "#0", "cullface": "west"},
				"west": {"uv": [7.5, 2.25, 8.9, 13.65], "texture": "#0", "cullface": "west"},
				"up": {"uv": [6.75, 7.75, 9.55, 9.15], "texture": "#0", "cullface": "west"},
				"down": {"uv": [6.75, 7.5, 9.55, 8.9], "texture": "#0", "cullface": "west"}
			}
		},
		{
			"name": "Strebe 2",
			"from": [13.6, 4, 7],
			"to": [15.6, 16, 9],
			"faces": {
				"north": {"uv": [7.25, 1.75, 9.25, 13.75], "texture": "#0"},
				"east": {"uv": [7.25, 1.75, 9.25, 13.75], "texture": "#0", "cullface": "east"},
				"south": {"uv": [6.75, 2, 8.75, 14], "texture": "#0"},
				"west": {"uv": [7.25, 1.75, 9.25, 13.75], "texture": "#0"},
				"up": {"uv": [7.5, 7.25, 9.5, 9.25], "texture": "#0"},
				"down": {"uv": [7.25, 7.25, 9.25, 9.25], "texture": "#0"}
			}
		},
		{
			"name": "Strebe Deko 2",
			"from": [13.2, 4.3, 7.3],
			"to": [16, 15.7, 8.7],
			"faces": {
				"north": {"uv": [7, 2.25, 9.8, 13.65], "texture": "#0", "cullface": "west"},
				"east": {"uv": [7.5, 3, 8.9, 14.4], "texture": "#0", "cullface": "west"},
				"south": {"uv": [7.25, 2.25, 10.05, 13.65], "texture": "#0", "cullface": "west"},
				"west": {"uv": [7.5, 2.25, 8.9, 13.65], "texture": "#0", "cullface": "west"},
				"up": {"uv": [7.25, 7.5, 10.05, 8.9], "texture": "#0", "cullface": "west"},
				"down": {"uv": [7, 7, 9.8, 8.4], "texture": "#0", "cullface": "west"}
			}
		},
		{
			"name": "Strebe 3",
			"from": [0.41, 4, 12.9],
			"to": [2.31, 16, 14.8],
			"faces": {
				"north": {"uv": [7, 2, 8.9, 14], "texture": "#0"},
				"east": {"uv": [7.25, 1.75, 9.15, 13.75], "texture": "#0"},
				"south": {"uv": [7, 2, 8.9, 14], "texture": "#0"},
				"west": {"uv": [7, 1.75, 8.9, 13.75], "texture": "#0"},
				"up": {"uv": [7.25, 7.5, 9.15, 9.4], "texture": "#0"},
				"down": {"uv": [7.25, 7.5, 9.15, 9.4], "texture": "#0"}
			}
		},
		{
			"name": "Strebe Deko 3",
			"from": [0, 4.3, 13.2],
			"to": [2.8, 15.7, 14.6],
			"faces": {
				"north": {"uv": [6.5, 2.5, 9.3, 13.9], "texture": "#0", "cullface": "west"},
				"east": {"uv": [7.25, 2.25, 8.65, 13.65], "texture": "#0", "cullface": "west"},
				"south": {"uv": [6.75, 2.5, 9.55, 13.9], "texture": "#0", "cullface": "west"},
				"west": {"uv": [7.25, 2.5, 8.65, 13.9], "texture": "#0", "cullface": "west"},
				"up": {"uv": [6.75, 7.5, 9.55, 8.9], "texture": "#0", "cullface": "west"},
				"down": {"uv": [6.75, 7.5, 9.55, 8.9], "texture": "#0", "cullface": "west"}
			}
		},
		{
			"name": "Strebe 4",
			"from": [13.61, 4, 12.9],
			"to": [15.51, 16, 14.8],
			"faces": {
				"north": {"uv": [7, 2.25, 8.9, 14.25], "texture": "#0"},
				"east": {"uv": [7.25, 1.5, 9.15, 13.5], "texture": "#0"},
				"south": {"uv": [7.25, 1.75, 9.15, 13.75], "texture": "#0"},
				"west": {"uv": [7, 1.75, 8.9, 13.75], "texture": "#0"},
				"up": {"uv": [7.25, 7.25, 9.15, 9.15], "texture": "#0"},
				"down": {"uv": [7.5, 7.25, 9.4, 9.15], "texture": "#0"}
			}
		},
		{
			"name": "Strebe Deko 4",
			"from": [13.2, 4.3, 13.2],
			"to": [16, 15.7, 14.6],
			"faces": {
				"north": {"uv": [7.25, 2, 10.05, 13.4], "texture": "#0", "cullface": "west"},
				"east": {"uv": [7.5, 2.25, 8.9, 13.65], "texture": "#0", "cullface": "west"},
				"south": {"uv": [6.75, 2.25, 9.55, 13.65], "texture": "#0", "cullface": "west"},
				"west": {"uv": [7.5, 2.25, 8.9, 13.65], "texture": "#0", "cullface": "west"},
				"up": {"uv": [7, 7.5, 9.8, 8.9], "texture": "#0", "cullface": "west"},
				"down": {"uv": [7, 7.5, 9.8, 8.9], "texture": "#0", "cullface": "west"}
			}
		},
		{
			"name": "Latte 1",
			"from": [0.9, 4.8, 9],
			"to": [1.9, 6.6, 13],
			"faces": {
				"north": {"uv": [7.5, 7.25, 8.5, 9.05], "texture": "#0"},
				"east": {"uv": [6.5, 7.5, 10.5, 9.3], "texture": "#0"},
				"south": {"uv": [7.25, 7.25, 8.25, 9.05], "texture": "#0"},
				"west": {"uv": [6.25, 7.25, 10.25, 9.05], "texture": "#0"},
				"up": {"uv": [7.5, 6.25, 8.5, 10.25], "texture": "#0"},
				"down": {"uv": [7.75, 6.5, 8.75, 10.5], "texture": "#0"}
			}
		},
		{
			"name": "Latte Deko 1",
			"from": [0.5, 5.2, 8.7],
			"to": [2.3, 6.2, 13.3],
			"faces": {
				"north": {"uv": [7.25, 8.25, 9.05, 9.25], "texture": "#0"},
				"east": {"uv": [6.5, 8.25, 11.1, 9.25], "texture": "#0"},
				"south": {"uv": [7.5, 8, 9.3, 9], "texture": "#0"},
				"west": {"uv": [6, 8.25, 10.6, 9.25], "texture": "#0"},
				"up": {"uv": [7.5, 6.25, 9.3, 10.85], "texture": "#0"},
				"down": {"uv": [7.25, 6, 9.05, 10.6], "texture": "#0"}
			}
		},
		{
			"name": "Latte 2",
			"from": [0.9, 12.8, 9],
			"to": [1.9, 14.6, 13],
			"faces": {
				"north": {"uv": [8, 7.25, 9, 9.05], "texture": "#0"},
				"east": {"uv": [5.75, 7.25, 9.75, 9.05], "texture": "#0"},
				"south": {"uv": [7.75, 7.25, 8.75, 9.05], "texture": "#0"},
				"west": {"uv": [6.5, 7.25, 10.5, 9.05], "texture": "#0"},
				"up": {"uv": [8, 6, 9, 10], "texture": "#0"},
				"down": {"uv": [8, 5.75, 9, 9.75], "texture": "#0"}
			}
		},
		{
			"name": "Latte Deko 2",
			"from": [0.5, 13.2, 8.7],
			"to": [2.3, 14.2, 13.3],
			"faces": {
				"north": {"uv": [7.5, 7.75, 9.3, 8.75], "texture": "#0"},
				"east": {"uv": [5, 8, 9.6, 9], "texture": "#0"},
				"south": {"uv": [7.25, 7.75, 9.05, 8.75], "texture": "#0"},
				"west": {"uv": [6.25, 7.75, 10.85, 8.75], "texture": "#0"},
				"up": {"uv": [7.25, 6.25, 9.05, 10.85], "texture": "#0"},
				"down": {"uv": [7, 6.25, 8.8, 10.85], "texture": "#0"}
			}
		},
		{
			"name": "Latte 3",
			"from": [14.1, 4.8, 9],
			"to": [15.1, 6.6, 13],
			"faces": {
				"north": {"uv": [7.75, 7.5, 8.75, 9.3], "texture": "#0"},
				"east": {"uv": [6.75, 7.5, 10.75, 9.3], "texture": "#0"},
				"south": {"uv": [8, 7.5, 9, 9.3], "texture": "#0"},
				"west": {"uv": [7, 7.5, 11, 9.3], "texture": "#0"},
				"up": {"uv": [7.5, 6.5, 8.5, 10.5], "texture": "#0"},
				"down": {"uv": [7.75, 6.5, 8.75, 10.5], "texture": "#0"}
			}
		},
		{
			"name": "Latte Deko 3",
			"from": [13.7, 5.2, 8.7],
			"to": [15.5, 6.2, 13.3],
			"faces": {
				"north": {"uv": [7.5, 8, 9.3, 9], "texture": "#0"},
				"east": {"uv": [5.75, 8.25, 10.35, 9.25], "texture": "#0"},
				"south": {"uv": [7.5, 8.25, 9.3, 9.25], "texture": "#0"},
				"west": {"uv": [6.25, 8.25, 10.85, 9.25], "texture": "#0"},
				"up": {"uv": [7.5, 6, 9.3, 10.6], "texture": "#0"},
				"down": {"uv": [7.5, 5.75, 9.3, 10.35], "texture": "#0"}
			}
		},
		{
			"name": "Latte 4",
			"from": [14.1, 12.8, 9],
			"to": [15.1, 14.6, 13],
			"faces": {
				"north": {"uv": [8, 7.25, 9, 9.05], "texture": "#0"},
				"east": {"uv": [6.25, 7.25, 10.25, 9.05], "texture": "#0"},
				"south": {"uv": [8, 7.5, 9, 9.3], "texture": "#0"},
				"west": {"uv": [6.25, 7.25, 10.25, 9.05], "texture": "#0"},
				"up": {"uv": [7.5, 6.25, 8.5, 10.25], "texture": "#0"},
				"down": {"uv": [7.5, 6.5, 8.5, 10.5], "texture": "#0"}
			}
		},
		{
			"name": "Latte Deko 4",
			"from": [13.7, 13.2, 8.7],
			"to": [15.5, 14.2, 13.3],
			"faces": {
				"north": {"uv": [7.25, 7.25, 9.05, 8.25], "texture": "#0"},
				"east": {"uv": [6.75, 7.5, 11.35, 8.5], "texture": "#0"},
				"south": {"uv": [7.25, 7.25, 9.05, 8.25], "texture": "#0"},
				"west": {"uv": [5.75, 7.5, 10.35, 8.5], "texture": "#0"},
				"up": {"uv": [7.5, 5.75, 9.3, 10.35], "texture": "#0"},
				"down": {"uv": [7.5, 5, 9.3, 9.6], "texture": "#0"}
			}
		}
	]
}