{   "parent": "block/block",
    "display": {
        "gui": {
            "rotation": [ 30, 45, 0 ],
            "translation": [ 0, -1, 0],
            "scale":[ 0.8, 0.8, 0.8 ]
        },
        "head": {
            "rotation": [ 0, 0, 0 ],
            "translation": [ 0, -3, -6],
            "scale":[ 1, 1, 1]
        }
    },
	"textures": {
		"particle": "block/stripped_spruce_log_top",
		"0": "block/stripped_spruce_log_top"		
	},
	"elements": [
		{
			"name": "Strebe 1",
			"from": [0, 4, 7],
			"to": [2, 16, 9],
			"faces": {
				"north": {"uv": [7.25, 2, 9.25, 14], "texture": "#0"},
				"east": {"uv": [7.25, 1.5, 9.25, 13.5], "texture": "#0", "cullface": "east"},
				"south": {"uv": [7.25, 2, 9.25, 14], "texture": "#0"},
				"west": {"uv": [7.25, 1.75, 9.25, 13.75], "texture": "#0"},
				"up": {"uv": [7.5, 7.25, 9.5, 9.25], "texture": "#0"},
				"down": {"uv": [7.5, 7.25, 9.5, 9.25], "texture": "#0"}
			}
		},
		{
			"name": "Strebe Deko 1",
			"from": [0.3, 4.3, 6.6],
			"to": [1.7, 15.7, 9.4],
			"faces": {
				"north": {"uv": [7.25, 2, 8.65, 13.4], "texture": "#0"},
				"east": {"uv": [6.5, 2, 9.3, 13.4], "texture": "#0"},
				"south": {"uv": [7.25, 2.5, 8.65, 13.9], "texture": "#0"},
				"west": {"uv": [6.75, 2, 9.55, 13.4], "texture": "#0", "cullface": "west"},
				"up": {"uv": [7.5, 6.75, 8.9, 9.55], "texture": "#0"},
				"down": {"uv": [7.75, 6.75, 9.15, 9.55], "texture": "#0"}
			}
		},
		{
			"name": "Strebe 2",
			"from": [14, 4, 7],
			"to": [16, 16, 9],
			"faces": {
				"north": {"uv": [7.25, 1.5, 9.25, 13.5], "texture": "#0"},
				"east": {"uv": [7.5, 1.5, 9.5, 13.5], "texture": "#0", "cullface": "east"},
				"south": {"uv": [7.25, 1.5, 9.25, 13.5], "texture": "#0"},
				"west": {"uv": [7, 2, 9, 14], "texture": "#0"},
				"up": {"uv": [7.25, 7.25, 9.25, 9.25], "texture": "#0"},
				"down": {"uv": [7.25, 7.25, 9.25, 9.25], "texture": "#0"}
			}
		},
		{
			"name": "Strebe Deko 2",
			"from": [14.3, 4.3, 6.6],
			"to": [15.7, 15.7, 9.4],
			"faces": {
				"north": {"uv": [7, 2.5, 8.4, 13.9], "texture": "#0"},
				"east": {"uv": [6, 2.5, 8.8, 13.9], "texture": "#0"},
				"south": {"uv": [6.75, 2.25, 8.15, 13.65], "texture": "#0"},
				"west": {"uv": [6.25, 2.5, 9.05, 13.9], "texture": "#0", "cullface": "west"},
				"up": {"uv": [6.25, 6.75, 7.65, 9.55], "texture": "#0"},
				"down": {"uv": [6.75, 6.75, 8.15, 9.55], "texture": "#0"}
			}
		},
		{
			"name": "Strebe 3",
			"from": [6.1, 4, 7.05],
			"to": [8, 16, 8.95],
			"faces": {
				"north": {"uv": [7.5, 1.75, 9.4, 13.75], "texture": "#0"},
				"east": {"uv": [7.25, 1.5, 9.15, 13.5], "texture": "#0"},
				"south": {"uv": [7, 1.75, 8.9, 13.75], "texture": "#0"},
				"west": {"uv": [7.25, 1.75, 9.15, 13.75], "texture": "#0"},
				"up": {"uv": [7.25, 7.25, 9.15, 9.15], "texture": "#0"},
				"down": {"uv": [7.25, 7.5, 9.15, 9.4], "texture": "#0"}
			}
		},
		{
			"name": "Strebe Deko 3",
			"from": [6.3, 4.3, 6.8],
			"to": [7.7, 15.7, 9.2],
			"faces": {
				"north": {"uv": [8, 2.5, 9.4, 13.9], "texture": "#0"},
				"east": {"uv": [7.25, 2, 9.65, 13.4], "texture": "#0"},
				"south": {"uv": [8, 2.5, 9.4, 13.9], "texture": "#0"},
				"west": {"uv": [7.25, 1.75, 9.65, 13.15], "texture": "#0", "cullface": "west"},
				"up": {"uv": [7.5, 7, 8.9, 9.4], "texture": "#0"},
				"down": {"uv": [7.75, 7, 9.15, 9.4], "texture": "#0"}
			}
		},
		{
			"name": "Strebe 4",
			"from": [8, 4, 7.05],
			"to": [9.9, 16, 8.95],
			"faces": {
				"north": {"uv": [7, 1.75, 8.9, 13.75], "texture": "#0"},
				"east": {"uv": [7.5, 1.5, 9.4, 13.5], "texture": "#0"},
				"south": {"uv": [7.5, 1.75, 9.4, 13.75], "texture": "#0"},
				"west": {"uv": [7.25, 1.5, 9.15, 13.5], "texture": "#0"},
				"up": {"uv": [7.25, 7.25, 9.15, 9.15], "texture": "#0"},
				"down": {"uv": [7.25, 7.25, 9.15, 9.15], "texture": "#0"}
			}
		},
		{
			"name": "Strebe Deko 4",
			"from": [8.2, 4.3, 6.8],
			"to": [9.6, 15.7, 9.2],
			"faces": {
				"north": {"uv": [7, 2.25, 8.4, 13.65], "texture": "#0"},
				"east": {"uv": [7, 1.25, 9.4, 12.65], "texture": "#0"},
				"south": {"uv": [7.25, 1.5, 8.65, 12.9], "texture": "#0"},
				"west": {"uv": [7, 1.25, 9.4, 12.65], "texture": "#0", "cullface": "west"},
				"up": {"uv": [7.75, 6.75, 9.15, 9.15], "texture": "#0"},
				"down": {"uv": [7.5, 6.75, 8.9, 9.15], "texture": "#0"}
			}
		},
		{
			"name": "Latte 1",
			"from": [2, 4.8, 7.5],
			"to": [6.4, 6.6, 8.5],
			"faces": {
				"north": {"uv": [6, 7.75, 10.4, 9.55], "texture": "#0"},
				"east": {"uv": [7.75, 7.25, 8.75, 9.05], "texture": "#0"},
				"south": {"uv": [6.25, 7.5, 10.65, 9.3], "texture": "#0"},
				"west": {"uv": [7.75, 7.5, 8.75, 9.3], "texture": "#0"},
				"up": {"uv": [6, 8.25, 10.4, 9.25], "texture": "#0"},
				"down": {"uv": [6.25, 7.75, 10.65, 8.75], "texture": "#0"}
			}
		},
		{
			"name": "Latte Deko 1",
			"from": [1.7, 5.2, 7.1],
			"to": [6.3, 6.2, 8.9],
			"faces": {
				"north": {"uv": [6, 8.25, 10.6, 9.25], "texture": "#0"},
				"east": {"uv": [7.5, 8.25, 9.3, 9.25], "texture": "#0"},
				"south": {"uv": [6, 8.25, 10.6, 9.25], "texture": "#0"},
				"west": {"uv": [7.25, 8.25, 9.05, 9.25], "texture": "#0"},
				"up": {"uv": [6, 7.5, 10.6, 9.3], "texture": "#0"},
				"down": {"uv": [6.25, 7.5, 10.85, 9.3], "texture": "#0"}
			}
		},
		{
			"name": "Latte 2",
			"from": [2, 12.8, 7.5],
			"to": [6.4, 14.6, 8.5],
			"faces": {
				"north": {"uv": [6, 7.5, 10.4, 9.3], "texture": "#0"},
				"east": {"uv": [7.75, 7.25, 8.75, 9.05], "texture": "#0"},
				"south": {"uv": [6.5, 7.5, 10.9, 9.3], "texture": "#0"},
				"west": {"uv": [7.75, 7.25, 8.75, 9.05], "texture": "#0"},
				"up": {"uv": [6.75, 8.25, 11.15, 9.25], "texture": "#0"},
				"down": {"uv": [6.25, 8.25, 10.65, 9.25], "texture": "#0"}
			}
		},
		{
			"name": "Latte Deko 2",
			"from": [1.7, 13.2, 7.1],
			"to": [6.3, 14.2, 8.9],
			"faces": {
				"north": {"uv": [6, 8.25, 10.6, 9.25], "texture": "#0"},
				"east": {"uv": [7.25, 8, 9.05, 9], "texture": "#0"},
				"south": {"uv": [6.25, 8.25, 10.85, 9.25], "texture": "#0"},
				"west": {"uv": [7.5, 7.75, 9.3, 8.75], "texture": "#0"},
				"up": {"uv": [6, 7.5, 10.6, 9.3], "texture": "#0"},
				"down": {"uv": [6.25, 7.5, 10.85, 9.3], "texture": "#0"}
			}
		},
		{
			"name": "Latte 3",
			"from": [9.6, 4.8, 7.5],
			"to": [14, 6.6, 8.5],
			"faces": {
				"north": {"uv": [6.25, 7.5, 10.65, 9.3], "texture": "#0"},
				"east": {"uv": [8.25, 7.5, 9.25, 9.3], "texture": "#0"},
				"south": {"uv": [6, 7.5, 10.4, 9.3], "texture": "#0"},
				"west": {"uv": [7.75, 7.5, 8.75, 9.3], "texture": "#0"},
				"up": {"uv": [6, 8.25, 10.4, 9.25], "texture": "#0"},
				"down": {"uv": [6, 8.5, 10.4, 9.5], "texture": "#0"}
			}
		},
		{
			"name": "Latte Deko 3",
			"from": [9.7, 13.2, 7.1],
			"to": [14.3, 14.2, 8.9],
			"faces": {
				"north": {"uv": [5.5, 8.25, 10.1, 9.25], "texture": "#0"},
				"east": {"uv": [7.25, 8.25, 9.05, 9.25], "texture": "#0"},
				"south": {"uv": [6, 8.25, 10.6, 9.25], "texture": "#0"},
				"west": {"uv": [7.5, 8, 9.3, 9], "texture": "#0"},
				"up": {"uv": [6.5, 7.75, 11.1, 9.55], "texture": "#0"},
				"down": {"uv": [6, 7.5, 10.6, 9.3], "texture": "#0"}
			}
		},
		{
			"name": "Latte 4",
			"from": [9.6, 12.8, 7.5],
			"to": [14, 14.6, 8.5],
			"faces": {
				"north": {"uv": [6.5, 7.5, 10.9, 9.3], "texture": "#0"},
				"east": {"uv": [7.5, 7.5, 8.5, 9.3], "texture": "#0"},
				"south": {"uv": [6.5, 7.5, 10.9, 9.3], "texture": "#0"},
				"west": {"uv": [8, 7.25, 9, 9.05], "texture": "#0"},
				"up": {"uv": [7, 8.25, 11.4, 9.25], "texture": "#0"},
				"down": {"uv": [6, 8.25, 10.4, 9.25], "texture": "#0"}
			}
		},
		{
			"name": "Latte Deko 4",
			"from": [9.7, 5.2, 7.1],
			"to": [14.3, 6.2, 8.9],
			"faces": {
				"north": {"uv": [6, 8.25, 10.6, 9.25], "texture": "#0"},
				"east": {"uv": [7.5, 8, 9.3, 9], "texture": "#0"},
				"south": {"uv": [6.75, 8.5, 11.35, 9.5], "texture": "#0"},
				"west": {"uv": [7.5, 8, 9.3, 9], "texture": "#0"},
				"up": {"uv": [6.5, 7.5, 11.1, 9.3], "texture": "#0"},
				"down": {"uv": [6.25, 7.5, 10.85, 9.3], "texture": "#0"}
			}
		}
	]
}