{   "parent": "block/block",
    "textures": {
        "particle": "block/anvil",
        "body": "block/anvil",
        "top": "block/anvil_top"
	},
	"elements": [
		{
			"__comment": "Fuss",
			"from": [2, 0, 2],
			"to": [14, 3, 14],
			"shade": false,
			"faces": {
				"north": { "uv": [2, 12, 14, 16], "texture": "#body", "tintindex": 0 },
				"east": { "uv": [4, 2, 0, 14], "texture": "#body", "rotation": 270, "tintindex": 0 },
				"south": { "uv": [2, 12, 14, 16], "texture": "#body", "tintindex": 0 },
				"west": { "uv": [0, 0, 16, 16],	"texture": "#body", "rotation":  90, "tintindex": 0 },
				"up": {	"uv": [2, 2, 14, 14], "texture": "#body", "rotation": 180, "tintindex": 0 },
				"down": { "uv": [2, 2, 14, 14], "texture": "#body", "rotation": 180, "cullface": "down", "tintindex": 0	}
			}
		},
		{
			"__comment": "Ring_unten_1",
			"from": [5, 4, 4],
			"to": [11, 5, 12],
			"shade": false,
			"faces": {
				"north": { "uv": [4, 11, 12, 12], "texture": "#body", "tintindex": 0 },
				"east": { "uv": [5, 3, 4, 13], "texture": "#body", "rotation": 270, "tintindex": 0 },
				"south": { "uv": [4, 11, 12, 12], "texture": "#body", "tintindex": 0 },
				"west": { "uv": [4, 3, 5, 13], "texture": "#body", "rotation":  90, "tintindex": 0 },
				"up": {	"uv": [4, 3, 12, 13], "texture": "#body", "rotation": 180, "tintindex": 0 },
				"down": { "uv": [4, 3, 12, 13], "texture": "#body", "rotation": 180, "tintindex": 0	}
			}
		},
		{
		"__comment": "Ring_unten_0",
			"from": [4, 3, 3],
			"to": [12, 4, 13],
			"shade": false,
			"faces": {
				"north": { "uv": [4, 11, 12, 12], "texture": "#body", "tintindex": 0 },
				"east": { "uv": [5, 3, 4, 13], "texture": "#body", "rotation": 270, "tintindex": 0 },
				"south": { "uv": [4, 11, 12, 12], "texture": "#body", "tintindex": 0 },
				"west": { "uv": [4, 3, 5, 13], "texture": "#body", "rotation":  90, "tintindex": 0 },
				"up": {	"uv": [4, 3, 12, 13], "texture": "#body", "rotation": 180, "tintindex": 0 },
				"down": { "uv": [4, 3, 12, 13], "texture": "#body", "rotation": 180, "tintindex": 0	}
			}
		},
		{
			"__comment": "Ring_oben_1",
			"from": [4, 11, 2],
			"to": [12, 12, 13],
			"shade": false,
			"faces": {
				"north": { "uv": [4, 11, 12, 12], "texture": "#body", "tintindex": 0 },
				"east": { "uv": [5, 3, 4, 13],	"texture": "#body", "rotation": 270, "tintindex": 0	},
				"south": {	"uv": [4, 11, 12, 12],	"texture": "#body", "tintindex": 0 },
				"west": { "uv": [4, 3, 5, 13],	"texture": "#body", "rotation":  90, "tintindex": 0	},
				"up": {	"uv": [4, 3, 12, 13], "texture": "#body", "rotation": 180, "tintindex": 0 },
				"down": { "uv": [4, 3, 12, 13],	"texture": "#body", "rotation": 180, "tintindex": 0	}
			}
		},
		{
					"__comment": "Ring_oben_0",
			"from": [5, 9, 4],
			"to": [11, 11, 12],
			"shade": false,
			"faces": {
				"north": { "uv": [4, 11, 12, 12], "texture": "#body", "tintindex": 0 },
				"east": { "uv": [5, 3, 4, 13],	"texture": "#body", "rotation": 270, "tintindex": 0	},
				"south": {	"uv": [4, 11, 12, 12],	"texture": "#body", "tintindex": 0 },
				"west": { "uv": [4, 3, 5, 13],	"texture": "#body", "rotation":  90, "tintindex": 0	},
				"up": {	"uv": [4, 3, 12, 13], "texture": "#body", "rotation": 180, "tintindex": 0 },
				"down": { "uv": [4, 3, 12, 13],	"texture": "#body", "rotation": 180, "tintindex": 0	}
			}
		},
		{
			"__comment": "Staender",
			"from": [6, 4, 5],
			"to": [10, 10, 11],
			"shade": false,
			"faces": {
				"north": { "uv": [6, 6, 10, 11], "texture": "#body", "tintindex": 0 },
				"east": { "uv": [10, 4, 5, 12],	"texture": "#body", "rotation": 270, "tintindex": 0	},
				"south": { "uv": [6, 6, 10, 11], "texture": "#body", "tintindex": 0 },
				"west": { "uv": [5, 4, 10, 12],	"texture": "#body", "rotation":  90, "tintindex": 0 },
				"up": {	"uv": [10, 12, 6, 4], "texture": "#body", "rotation": 180, "tintindex": 0	},
				"down": { "uv": [10, 12, 6, 4],	"texture": "#body", "rotation": 180, "tintindex": 0	}
			}
		},
		{
			"__comment": "Amboss",
			"from": [4, 12, 0],
			"to": [12, 16, 13],
			"shade": false,
			"faces": {
				"north": { "uv": [3, 0, 13, 6], "texture": "#body", "tintindex": 0 },
				"east": { "uv": [16, 0, 10, 16], "texture": "#body", "rotation": 270, "tintindex": 0 },
				"south": { "uv": [3, 0, 13, 6], "texture": "#body", "tintindex": 0 },
				"west": { "uv": [10, 0, 16, 16], "texture": "#body", "rotation":  90, "tintindex": 0 },
				"up": {	"uv": [3, 0, 13, 16], "texture": "#top", "rotation": 180, "tintindex": 0 },
				"down": { "uv": [3, 0, 13, 16],	"texture": "#body", "rotation": 180, "tintindex": 0	}
			}
		},
		{
			"__comment": "Platte_1",
			"from": [5, 14, 13],
			"to": [11, 15, 15],
			"shade": false,
			"faces": {
				"north": { "uv": [0, 0, 6, 1],	"texture": "#body", "tintindex": 0	},
				"east": { "uv": [0, 0, 2, 1], "texture": "#body", "rotation": 270, "tintindex": 0 },
				"south": {	"uv": [0, 0, 6, 1],	"texture": "#body", "tintindex": 0 },
				"west": { "uv": [0, 0, 2, 1], "texture": "#body", "rotation":  90, "tintindex": 0 },
				"up": { "uv": [0, 0, 6, 2], "texture": "#body", "rotation": 180, "tintindex": 0 },
				"down": { "uv": [0, 0, 6, 2], "texture": "#body", "rotation": 180, "tintindex": 0 }
			}
		},
		{
			"__comment": "Platte_0",
			"from": [6, 13, 13],
			"to": [10, 14, 14],
			"shade": false,
			"faces": {
				"north": { "uv": [0, 0, 4, 1], "texture": "#body", "tintindex": 0 },
				"east": {"uv": [0, 0, 1, 1], "texture": "#body", "rotation": 270, "tintindex": 0 },
				"south": { "uv": [0, 0, 4, 1], "texture": "#body", "tintindex": 0 },
				"west": {"uv": [0, 0, 1, 1], "texture": "#body", "rotation":  90, "tintindex": 0 },
				"up": {"uv": [0, 0, 4, 1], "texture": "#body", "rotation": 180, "tintindex": 0 },
				"down": {"uv": [0, 0, 4, 1], "texture": "#body", "rotation": 180, "tintindex": 0 }
			}
		},
		{
			"__comment": "Platte_2",
			"from": [4, 15, 13],
			"to": [12, 16, 16],
			"shade": false,
			"faces": {
				"north": { "uv": [0, 0, 8, 1], "texture": "#body", "tintindex": 0 },
				"east": { "uv": [0, 0, 3, 1], "texture": "#body", "rotation": 270, "tintindex": 0 },
				"south": { "uv": [0, 0, 8, 1], "texture": "#body", "tintindex": 0 },
				"west": { "uv": [0, 0, 3, 1], "texture": "#body", "rotation":  90, "tintindex": 0 },
				"up": { "uv": [0, 0, 8, 3], "texture": "#body", "rotation": 180, "tintindex": 0 },
				"down": {"uv": [0, 0, 8, 3], "texture": "#body", "rotation": 180, "tintindex": 0 }
			}
		}
	]
}
{   "parent": "block/block",
    "textures": {
        "particle": "block/anvil",
        "body": "block/anvil"
    },
    "display": {
        "fixed": {
            "rotation": [ 0, 90, 0 ],
            "translation": [ 0, 0, 0 ],
            "scale": [ 0.5, 0.5, 0.5 ]
        }
    },
    "elements": [
        {   "__comment": "Anvil base",
            "from": [ 2, 0, 2 ],
            "to": [ 14, 4, 14 ],
            "faces": {
                "down":  { "uv": [ 2,  2, 14, 14 ], "texture": "#body", "rotation": 180, "cullface": "down" },
                "up":    { "uv": [ 2,  2, 14, 14 ], "texture": "#body", "rotation": 180 },
                "north": { "uv": [ 2, 12, 14, 16 ], "texture": "#body" },
                "south": { "uv": [ 2, 12, 14, 16 ], "texture": "#body" },
                "west":  { "uv": [ 0,  2,  4, 14 ], "texture": "#body", "rotation":  90 },
                "east":  { "uv": [ 4,  2,  0, 14 ], "texture": "#body", "rotation": 270 }
            }
        },
        {   "__comment": "Lower narrow portion",
            "from": [ 4, 4, 3 ],
            "to": [ 12, 5, 13 ],
            "faces": {
                "up":    { "uv": [ 4,  3, 12, 13 ], "texture": "#body", "rotation": 180 },
                "north": { "uv": [ 4, 11, 12, 12 ], "texture": "#body" },
                "south": { "uv": [ 4, 11, 12, 12 ], "texture": "#body" },
                "west":  { "uv": [ 4,  3,  5, 13 ], "texture": "#body", "rotation":  90 },
                "east":  { "uv": [ 5,  3,  4, 13 ], "texture": "#body", "rotation": 270 }
            }
        },
        {   "__comment": "Wider section beneath top portion",
            "from": [ 6, 5, 4 ],
            "to": [ 10, 10, 12 ],
            "faces": {
                "north": { "uv": [  6,  6, 10, 11 ], "texture": "#body" },
                "south": { "uv": [  6,  6, 10, 11 ], "texture": "#body" },
                "west":  { "uv": [  5,  4, 10, 12 ], "texture": "#body", "rotation":  90 },
                "east":  { "uv": [ 10,  4,  5, 12 ], "texture": "#body", "rotation": 270 }
            }
        },
        {   "__comment": "Anvil top",
            "from": [ 3, 10, 0 ],
            "to": [ 13, 16, 16 ],
            "faces": {
                "down":  { "uv": [  3, 0, 13, 16 ], "texture": "#body", "rotation": 180 },
                "up":    { "uv": [  3, 0, 13, 16 ], "texture": "#top",   "rotation": 180 },
                "north": { "uv": [  3, 0, 13,  6 ], "texture": "#body" },
                "south": { "uv": [  3, 0, 13,  6 ], "texture": "#body" },
                "west":  { "uv": [ 10, 0, 16, 16 ], "texture": "#body", "rotation":  90 },
                "east":  { "uv": [ 16, 0, 10, 16 ], "texture": "#body", "rotation": 270 }
            }
        }
    ]
}
