{
  "scale": 0.0,
  "effects": {
    "mood_sound": {
      "sound": "minecraft:ambient.warped_forest.mood",
      "tick_delay": 6000,
      "block_search_extent": 8,
      "offset": 2.0
    },
    "additions_sound": {
      "sound": "minecraft:ambient.warped_forest.additions",
      "tick_chance": 0.0111
    },
    "music": {
      "sound": "minecraft:music.nether.warped_forest",
      "min_delay": 12000,
      "max_delay": 24000,
      "replace_current_music": false
    },
    "particle": {
      "options": {
        "type": "minecraft:warped_spore"
      },
      "probability": 0.01428
    },
    "ambient_sound": "minecraft:ambient.warped_forest.loop",
    "sky_color": 7254527,
    "fog_color": 1705242,
    "water_color": 4159204,
    "water_fog_color": 329011
  },
  "surface_builder": "waterworld:pseudo_warped_forest",
  "carvers": {
    "air": [
      "minecraft:nether_cave"
    ]
  },
  "features": [
    [],
    [],
    [],
    [],
    [],
    [],
    [
	  "waterworld:add_netherrack",
      "minecraft:ore_dirt",
      "minecraft:ore_gravel",
      "minecraft:ore_granite",
      "minecraft:ore_diorite",
      "minecraft:ore_andesite",
      "minecraft:ore_coal",
      "minecraft:ore_iron",
      "minecraft:ore_gold",
      "minecraft:ore_redstone",
      "minecraft:ore_diamond",
      "minecraft:ore_lapis"
    ],
    [
      "waterworld:pn_spring_closed",
      "waterworld:pn_spring_open",
      "waterworld:pn_patch_fire",
      "waterworld:pn_patch_soul_fire",
      "waterworld:pn_glowstone_extra",
      "waterworld:pn_glowstone",
      "waterworld:pn_ore_gravel_nether",
      "waterworld:pn_ore_blackstone",
      "waterworld:pn_ore_gold_nether",
      "waterworld:pn_ore_quartz_nether",
      "waterworld:pn_ore_soul_sand",
	  "waterworld:pn_ore_soul_soil",
      "waterworld:pn_ore_debris_large",
      "waterworld:pn_ore_debris_small"
    ],
    [
      "minecraft:spring_lava",
      "minecraft:brown_mushroom_normal",
      "minecraft:red_mushroom_normal",
      "minecraft:warped_fungi",
      "minecraft:warped_forest_vegetation",
      "minecraft:nether_sprouts",
      "waterworld:pn_twisting_vines",
      "minecraft:seagrass_warm",
      "minecraft:kelp_warm"
    ]
  ],
  "starts": [
    "minecraft:ruined_portal_nether"
  ],
  "spawners": {
    "monster": [
      {
        "type": "minecraft:enderman",
        "weight": 1,
        "minCount": 4,
        "maxCount": 4
      }
    ],
    "creature": [
      {
        "type": "minecraft:strider",
        "weight": 60,
        "minCount": 1,
        "maxCount": 2
      }
    ],
    "ambient": [
      {
        "type": "minecraft:bat",
        "weight": 10,
        "minCount": 8,
        "maxCount": 8
      }
    ],
    "water_creature": [
      {
        "type": "minecraft:squid",
        "weight": 10,
        "minCount": 1,
        "maxCount": 2
      },
      {
        "type": "minecraft:dolphin",
        "weight": 2,
        "minCount": 1,
        "maxCount": 2
      }
    ],
    "water_ambient": [
      {
        "type": "minecraft:cod",
        "weight": 15,
        "minCount": 3,
        "maxCount": 6
      },
      {
        "type": "minecraft:pufferfish",
        "weight": 5,
        "minCount": 1,
        "maxCount": 3
      },
      {
        "type": "minecraft:tropical_fish",
        "weight": 25,
        "minCount": 8,
        "maxCount": 8
      },
      {
        "type": "minecraft:salmon",
        "weight": 15,
        "minCount": 1,
        "maxCount": 5
      }
    ],
    "misc": []
  },
  "spawn_costs": {
    "minecraft:enderman": {
      "energy_budget": 0.12,
      "charge": 1.0
    }
  },
  "player_spawn_friendly": false,
  "precipitation": "none",
  "temperature": 2.0,
  "downfall": 0.0,
  "category": "nether",
  "depth": 0.0
}