{
  "config": {
    "feature": {
      "config": {
        "feature": {
          "config": {
            "target": {
              "block": "minecraft:coarse_dirt",
              "predicate_type": "minecraft:block_match"
            },
            "state": {
              "Name": "minecraft:dirt"
            },
            "size": 64
          },
          "type": "minecraft:ore"
        },
        "decorator": {
          "config": {
            "bottom_offset": 0,
            "top_offset": 0,
            "maximum": 256
          },
          "type": "minecraft:range"
        }
      },
      "type": "minecraft:decorated"
    },
    "decorator": {
      "config": {
        "count": 64
      },
      "type": "minecraft:count"
    }
  },
  "type": "minecraft:decorated"
}
