{
  "player_spawn_friendly": false,
  "category": "jungle",
  "precipitation": "rain",
  "temperature": 0.95,
  "downfall": 0.9,
  "depth": 0.1,
  "scale": 0.2,
  "effects": {
    "mood_sound": {
      "sound": "minecraft:ambient.cave",
      "tick_delay": 6000,
      "block_search_extent": 8,
      "offset": 2.0
    },
    "sky_color": 7907327,
    "foliage_color": 47653,
    "grass_color": 55595,
    "fog_color": 12638463,
    "water_color": 4159204,
    "water_fog_color": 329011
  },
  "surface_builder": "minecraft:grass",
  "carvers": {
    "air": [
      "ultra_amplified_dimension:cave_cavity",
      "ultra_amplified_dimension:ravine",
      "ultra_amplified_dimension:long_ravine"
    ],
    "liquid": [
    ]
  },
  "features": [
    [
        "ultra_amplified_dimension:misc/contain_underground_liquids"
    ],
    [
        "ultra_amplified_dimension:ponds/surface_slime",
        "ultra_amplified_dimension:ponds/underground_water_grass",
        "ultra_amplified_dimension:ponds/underground_lava"
    ],
    [
        "ultra_amplified_dimension:columns/vertical_grass",
        "ultra_amplified_dimension:columns/ramp_grass",
        "ultra_amplified_dimension:misc/glow_patch_surface",
        "ultra_amplified_dimension:misc/glow_patch_underground",
        "ultra_amplified_dimension:ponds/lake_wide_shallow",
        "ultra_amplified_dimension:vegetation/roots/jungle",
        "ultra_amplified_dimension:misc/contain_liquid_for_oceans"
    ],
    [
        "ultra_amplified_dimension:dungeons/jungle_high",
        "ultra_amplified_dimension:dungeons/jungle_middle",
        "ultra_amplified_dimension:dungeons/jungle_bottom"
    ],
    [
        "ultra_amplified_dimension:ministructures/hanging_ruins"
    ],
    [],
    [
        "ultra_amplified_dimension:ores/ore_dirt",
        "ultra_amplified_dimension:ores/ore_gravel",
        "ultra_amplified_dimension:ores/ore_granite",
        "ultra_amplified_dimension:ores/ore_diorite",
        "ultra_amplified_dimension:ores/ore_andesite",
        "ultra_amplified_dimension:ores/ore_coal",
        "ultra_amplified_dimension:ores/ore_iron",
        "ultra_amplified_dimension:ores/ore_iron_deep",
        "ultra_amplified_dimension:ores/ore_gold",
        "ultra_amplified_dimension:ores/ore_redstone",
        "ultra_amplified_dimension:ores/ore_diamond",
        "ultra_amplified_dimension:ores/ore_lapis",
        "ultra_amplified_dimension:ores/ore_gold_sealevel",
        "ultra_amplified_dimension:ores/ore_redstone_sealevel",
        "ultra_amplified_dimension:ores/ore_lapis_sealevel",
        "ultra_amplified_dimension:disk/coarse_dirt",
        "ultra_amplified_dimension:disk/clay",
        "ultra_amplified_dimension:disk/gravel"
    ],
    [
      "ultra_amplified_dimension:springs/water",
      "ultra_amplified_dimension:springs/water_narrow_range",
      "ultra_amplified_dimension:springs/lava",
      "ultra_amplified_dimension:springs/lava_narrow_range"
    ],
    [
      "ultra_amplified_dimension:vegetation/trees/bamboo_jungle",
      "ultra_amplified_dimension:vegetation/bamboo_dense",
      "ultra_amplified_dimension:vegetation/patch/default_flowers",
      "ultra_amplified_dimension:vegetation/patch/default_flowers",
      "ultra_amplified_dimension:vegetation/patch/default_flowers",
      "ultra_amplified_dimension:vegetation/patch/melon_jungle",
      "ultra_amplified_dimension:vegetation/patch/pumpkin",
      "ultra_amplified_dimension:vegetation/patch/sugar_cane",
      "ultra_amplified_dimension:vegetation/underwater/seagrass",
      "ultra_amplified_dimension:vegetation/underwater/sea_pickles",
      "ultra_amplified_dimension:vegetation/mushroom/red_normal",
      "ultra_amplified_dimension:vegetation/mushroom/brown_normal",
      "ultra_amplified_dimension:vegetation/vines/short_6",
      "ultra_amplified_dimension:vegetation/vines/long"
    ],
    [
      "ultra_amplified_dimension:misc/snow_ice_layer_handler_feature"
    ]
  ],
  "starts": [
    "minecraft:jungle_pyramid",
    "minecraft:mineshaft",
    "minecraft:stronghold",
    "minecraft:ruined_portal_jungle",
    "ultra_amplified_dimension:sun_shrine",
    "ultra_amplified_dimension:stonehenge"
  ],
  "spawners": {
    "monster": [
      {
        "type": "minecraft:spider",
        "weight": 100,
        "minCount": 4,
        "maxCount": 4
      },
      {
        "type": "minecraft:zombie",
        "weight": 95,
        "minCount": 4,
        "maxCount": 4
      },
      {
        "type": "minecraft:zombie_villager",
        "weight": 5,
        "minCount": 1,
        "maxCount": 1
      },
      {
        "type": "minecraft:skeleton",
        "weight": 100,
        "minCount": 4,
        "maxCount": 4
      },
      {
        "type": "minecraft:creeper",
        "weight": 100,
        "minCount": 4,
        "maxCount": 4
      },
      {
        "type": "minecraft:slime",
        "weight": 100,
        "minCount": 4,
        "maxCount": 4
      },
      {
        "type": "minecraft:enderman",
        "weight": 10,
        "minCount": 1,
        "maxCount": 4
      },
      {
        "type": "minecraft:witch",
        "weight": 5,
        "minCount": 1,
        "maxCount": 1
      },
      {
        "type": "minecraft:ocelot",
        "weight": 2,
        "minCount": 1,
        "maxCount": 1
      },
      {
        "type": "minecraft:drowned",
        "weight": 50,
        "minCount": 1,
        "maxCount": 5
      }
    ],
    "creature": [
      {
        "type": "minecraft:sheep",
        "weight": 12,
        "minCount": 4,
        "maxCount": 4
      },
      {
        "type": "minecraft:pig",
        "weight": 10,
        "minCount": 4,
        "maxCount": 4
      },
      {
        "type": "minecraft:chicken",
        "weight": 10,
        "minCount": 4,
        "maxCount": 4
      },
      {
        "type": "minecraft:cow",
        "weight": 8,
        "minCount": 4,
        "maxCount": 4
      },
      {
        "type": "minecraft:chicken",
        "weight": 10,
        "minCount": 4,
        "maxCount": 4
      },
      {
        "type": "minecraft:parrot",
        "weight": 40,
        "minCount": 1,
        "maxCount": 2
      },
      {
        "type": "minecraft:panda",
        "weight": 80,
        "minCount": 1,
        "maxCount": 2
      }
    ],
    "ambient": [
      {
        "type": "minecraft:bat",
        "weight": 10,
        "minCount": 8,
        "maxCount": 8
      }
    ],
    "water_creature": [
      {
        "type": "minecraft:squid",
        "weight": 10,
        "minCount": 4,
        "maxCount": 4
      },
      {
        "type": "minecraft:dolphin",
        "weight": 2,
        "minCount": 1,
        "maxCount": 2
      }
	],
	"water_ambient": [
      {
        "type": "minecraft:pufferfish",
        "weight": 15,
        "minCount": 1,
        "maxCount": 3
      },
      {
        "type": "minecraft:tropical_fish",
        "weight": 25,
        "minCount": 8,
        "maxCount": 8
      }
    ],
    "misc": []
  },
  "spawn_costs": {}
}