{
  "player_spawn_friendly": false,
  "category": "desert",
  "precipitation": "none",
  "temperature": 2.0,
  "downfall": 0,
  "depth": 0.125,
  "scale": 0.05,
  "effects": {
    "mood_sound": {
      "sound": "minecraft:ambient.cave",
      "tick_delay": 6000,
      "block_search_extent": 8,
      "offset": 2.0
    },
    "sky_color": 7907327,
    "fog_color": 12638463,
    "water_color": 11260362,
    "water_fog_color": 9812925
  },
  "surface_builder": "ultra_amplified_dimension:sand_surface_builder",
  "carvers": {
    "air": [
      "ultra_amplified_dimension:cave_cavity",
      "ultra_amplified_dimension:ravine",
      "ultra_amplified_dimension:long_ravine"
    ],
    "liquid": [
    ]
  },
  "features": [
    [
        "ultra_amplified_dimension:ores/ellipsoid_pocket",
        "ultra_amplified_dimension:misc/contain_underground_liquids"
    ],
    [
        "ultra_amplified_dimension:ponds/surface_slime",
        "ultra_amplified_dimension:ponds/underground_water_sand",
        "ultra_amplified_dimension:ponds/underground_lava"
    ],
    [
        "ultra_amplified_dimension:columns/vertical_sand",
        "ultra_amplified_dimension:columns/ramp_sand",
        "ultra_amplified_dimension:misc/glow_patch_surface",
        "ultra_amplified_dimension:misc/glow_patch_underground",
        "ultra_amplified_dimension:ponds/lake_wide_shallow_dense",
        "ultra_amplified_dimension:misc/contain_liquid_for_oceans"
    ],
    [
        "ultra_amplified_dimension:dungeons/desert_high",
        "ultra_amplified_dimension:dungeons/desert_middle",
        "ultra_amplified_dimension:dungeons/desert_bottom"
    ],
    [
        "ultra_amplified_dimension:ministructures/hanging_ruins",
        "ultra_amplified_dimension:ministructures/desert_well_common"
    ],
    [],
    [
        "ultra_amplified_dimension:ores/ellipsoid_sand",
        "ultra_amplified_dimension:ores/ellipsoid_sandstone",
        "ultra_amplified_dimension:ores/ore_dirt",
        "ultra_amplified_dimension:ores/ore_gravel",
        "ultra_amplified_dimension:ores/ore_granite",
        "ultra_amplified_dimension:ores/ore_diorite",
        "ultra_amplified_dimension:ores/ore_andesite",
        "ultra_amplified_dimension:ores/ore_coal",
        "ultra_amplified_dimension:ores/ore_iron",
        "ultra_amplified_dimension:ores/ore_iron_deep",
        "ultra_amplified_dimension:ores/ore_gold",
        "ultra_amplified_dimension:ores/ore_redstone",
        "ultra_amplified_dimension:ores/ore_diamond",
        "ultra_amplified_dimension:ores/ore_lapis_dense",
        "ultra_amplified_dimension:ores/ore_gold_sealevel",
        "ultra_amplified_dimension:ores/ore_redstone_sealevel",
        "ultra_amplified_dimension:ores/ore_lapis_sealevel_dense",
        "ultra_amplified_dimension:disk/clay_desert",
        "ultra_amplified_dimension:disk/smooth_sandstone",
        "ultra_amplified_dimension:disk/sand"
    ],
    [
      "ultra_amplified_dimension:ministructures/fossils",
      "ultra_amplified_dimension:ministructures/fossils_hanging",
      "ultra_amplified_dimension:springs/water_dense",
      "ultra_amplified_dimension:springs/water_narrow_range"
    ],
    [
      "ultra_amplified_dimension:vegetation/patch/default_flowers",
      "ultra_amplified_dimension:vegetation/safer_cactus_sparse_tall",
      "ultra_amplified_dimension:vegetation/patch/dead_bush",
      "ultra_amplified_dimension:vegetation/patch/sugar_cane_ultra_dense",
      "ultra_amplified_dimension:vegetation/underwater/seagrass_sparse",
      "ultra_amplified_dimension:vegetation/mushroom/red_normal_dense",
      "ultra_amplified_dimension:vegetation/mushroom/brown_normal_dense"
    ],
    [
      "ultra_amplified_dimension:misc/snow_ice_layer_handler_feature"
    ]
  ],
  "starts": [
    "minecraft:village_desert",
    "minecraft:pillager_outpost",
    "minecraft:desert_pyramid",
    "minecraft:mineshaft",
    "minecraft:stronghold",
    "minecraft:ruined_portal_desert"
  ],
  "spawners": {
    "monster": [
      {
        "type": "minecraft:spider",
        "weight": 80,
        "minCount": 4,
        "maxCount": 4
      },
      {
        "type": "minecraft:cave_spider",
        "weight": 20,
        "minCount": 4,
        "maxCount": 4
      },
      {
        "type": "minecraft:zombie",
        "weight": 19,
        "minCount": 4,
        "maxCount": 4
      },
      {
        "type": "minecraft:zombie_villager",
        "weight": 1,
        "minCount": 1,
        "maxCount": 1
      },
      {
        "type": "minecraft:skeleton",
        "weight": 100,
        "minCount": 4,
        "maxCount": 4
      },
      {
        "type": "minecraft:creeper",
        "weight": 100,
        "minCount": 4,
        "maxCount": 4
      },
      {
        "type": "minecraft:slime",
        "weight": 100,
        "minCount": 4,
        "maxCount": 4
      },
      {
        "type": "minecraft:enderman",
        "weight": 10,
        "minCount": 1,
        "maxCount": 4
      },
      {
        "type": "minecraft:witch",
        "weight": 5,
        "minCount": 1,
        "maxCount": 1
      },
      {
        "type": "minecraft:husk",
        "weight": 80,
        "minCount": 4,
        "maxCount": 4
      },
      {
        "type": "minecraft:drowned",
        "weight": 50,
        "minCount": 1,
        "maxCount": 5
      }
    ],
    "creature": [
      {
        "type": "minecraft:rabbit",
        "weight": 4,
        "minCount": 2,
        "maxCount": 3
      },
      {
        "type": "minecraft:turtle",
        "weight": 5,
        "minCount": 2,
        "maxCount": 5
      }
    ],
    "ambient": [
      {
        "type": "minecraft:bat",
        "weight": 10,
        "minCount": 8,
        "maxCount": 8
      }
    ],
    "water_creature": [
      {
        "type": "minecraft:squid",
        "weight": 10,
        "minCount": 4,
        "maxCount": 4
      },
      {
        "type": "minecraft:dolphin",
        "weight": 2,
        "minCount": 1,
        "maxCount": 2
      }
    ],
    "water_ambient": [
      {
        "type": "minecraft:pufferfish",
        "weight": 15,
        "minCount": 1,
        "maxCount": 3
      },
      {
        "type": "minecraft:tropical_fish",
        "weight": 25,
        "minCount": 8,
        "maxCount": 8
      }
	],
    "misc": []
  },
  "spawn_costs": {}
}