{
  "player_spawn_friendly": false,
  "category": "icy",
  "precipitation": "snow",
  "temperature": 0.0,
  "downfall": 0.5,
  "depth": 0.425,
  "scale": 0.45,
  "effects": {
    "mood_sound": {
      "sound": "minecraft:ambient.cave",
      "tick_delay": 6000,
      "block_search_extent": 8,
      "offset": 2.0
    },
    "sky_color": 7907327,
    "fog_color": 12638463,
    "water_color": 13172735,
    "water_fog_color": 13172735
  },
  "surface_builder": "minecraft:ice_spikes",
  "carvers": {
    "air": [
      "ultra_amplified_dimension:cave_cavity",
      "ultra_amplified_dimension:ravine",
      "ultra_amplified_dimension:long_ravine"
    ],
    "liquid": [
    ]
  },
  "features": [
    [
        "ultra_amplified_dimension:misc/contain_underground_liquids"
    ],
    [
        "ultra_amplified_dimension:ponds/surface_slime",
        "ultra_amplified_dimension:ponds/ice"
    ],
    [
        "ultra_amplified_dimension:columns/vertical_snow",
        "ultra_amplified_dimension:columns/ramp_snow",
        "ultra_amplified_dimension:misc/glow_patch_underground",
        "ultra_amplified_dimension:misc/contain_liquid_for_oceans"
    ],
    [
        "ultra_amplified_dimension:dungeons/snowy_high",
        "ultra_amplified_dimension:dungeons/snowy_middle",
        "ultra_amplified_dimension:dungeons/snowy_bottom"
    ],
    [
        "ultra_amplified_dimension:misc/giant_ice_spikes",
        "ultra_amplified_dimension:ministructures/hanging_ruins"
    ],
    [],
    [
        "ultra_amplified_dimension:disk/ice_dry",
        "ultra_amplified_dimension:ores/ellipsoid_ice",
        "ultra_amplified_dimension:ores/ore_dirt",
        "ultra_amplified_dimension:ores/ore_gravel",
        "ultra_amplified_dimension:ores/ore_granite",
        "ultra_amplified_dimension:ores/ore_diorite",
        "ultra_amplified_dimension:ores/ore_andesite",
        "ultra_amplified_dimension:ores/ore_coal",
        "ultra_amplified_dimension:ores/ore_iron",
        "ultra_amplified_dimension:ores/ore_iron_deep",
        "ultra_amplified_dimension:ores/ore_gold",
        "ultra_amplified_dimension:ores/ore_redstone",
        "ultra_amplified_dimension:ores/ore_diamond",
        "ultra_amplified_dimension:ores/ore_lapis",
        "ultra_amplified_dimension:ores/ore_gold_sealevel",
        "ultra_amplified_dimension:ores/ore_redstone_sealevel",
        "ultra_amplified_dimension:ores/ore_lapis_sealevel",
        "ultra_amplified_dimension:disk/clay",
        "ultra_amplified_dimension:disk/gravel",
        "ultra_amplified_dimension:disk/coarse_dirt"
    ],
    [
      "ultra_amplified_dimension:springs/water",
      "ultra_amplified_dimension:springs/water_narrow_range",
      "ultra_amplified_dimension:springs/lava",
      "ultra_amplified_dimension:springs/lava_narrow_range"
    ],
    [
      "ultra_amplified_dimension:vegetation/patch/default_flowers",
      "ultra_amplified_dimension:vegetation/patch/grass_5-04",
      "ultra_amplified_dimension:vegetation/patch/pumpkin",
      "ultra_amplified_dimension:vegetation/patch/sugar_cane",
      "ultra_amplified_dimension:vegetation/mushroom/red_normal",
      "ultra_amplified_dimension:vegetation/mushroom/brown_normal"
    ],
    [
      "ultra_amplified_dimension:misc/snow_ice_layer_handler_feature"
    ]
  ],
  "starts": [
    "minecraft:igloo",
    "minecraft:mineshaft",
    "minecraft:stronghold",
    "minecraft:ruined_portal",
    "ultra_amplified_dimension:ice_spike_temple"
  ],
  "creature_spawn_probability": 0.07,
  "spawners": {
    "monster": [
      {
        "type": "minecraft:spider",
        "weight": 100,
        "minCount": 4,
        "maxCount": 4
      },
      {
        "type": "minecraft:zombie",
        "weight": 95,
        "minCount": 4,
        "maxCount": 4
      },
      {
        "type": "minecraft:zombie_villager",
        "weight": 5,
        "minCount": 1,
        "maxCount": 1
      },
      {
        "type": "minecraft:skeleton",
        "weight": 20,
        "minCount": 4,
        "maxCount": 4
      },
      {
        "type": "minecraft:stray",
        "weight": 80,
        "minCount": 4,
        "maxCount": 4
      },
      {
        "type": "minecraft:creeper",
        "weight": 100,
        "minCount": 4,
        "maxCount": 4
      },
      {
        "type": "minecraft:slime",
        "weight": 100,
        "minCount": 4,
        "maxCount": 4
      },
      {
        "type": "minecraft:enderman",
        "weight": 10,
        "minCount": 1,
        "maxCount": 4
      },
      {
        "type": "minecraft:witch",
        "weight": 5,
        "minCount": 1,
        "maxCount": 1
      }
    ],
    "creature": [
      {
        "type": "minecraft:rabbit",
        "weight": 10,
        "minCount": 2,
        "maxCount": 3
      },
      {
        "type": "minecraft:polar_bear",
        "weight": 1,
        "minCount": 1,
        "maxCount": 2
      }
    ],
    "ambient": [
      {
        "type": "minecraft:bat",
        "weight": 10,
        "minCount": 8,
        "maxCount": 8
      }
    ],
    "water_creature": [
      {
        "type": "minecraft:squid",
        "weight": 2,
        "minCount": 1,
        "maxCount": 4
      }
    ],
    "water_ambient": [
      {
        "type": "minecraft:salmon",
        "weight": 5,
        "minCount": 1,
        "maxCount": 5
      }
	],
    "misc": []
  },
  "spawn_costs": {}
}