{
  "scale": 0.0,
  "effects": {
    "mood_sound": {
      "sound": "minecraft:ambient.cave",
      "tick_delay": 6000,
      "block_search_extent": 8,
      "offset": 2.0
    },
    "sky_color": 8233983,
    "fog_color": 12638463,
    "water_color": 4020182,
    "water_fog_color": 329011
  },
  "surface_builder": "minecraft:giant_tree_taiga",
  "carvers": {
    "air": [
      "minecraft:cave",
      "minecraft:canyon"
    ]
  },
  "features": [
    [],
    [
      "minecraft:lake_water",
	  "skylands:water/lake_water_rainforest",
      "minecraft:lake_lava"
    ],
    [
      "minecraft:forest_rock"
    ],
    [
      "minecraft:monster_room"
    ],
    [],
    [],
    [
	  "skylands:ocean_floor/base",
      "skylands:ocean_floor/floor_cold",
	  "skylands:ocean_floor/hills_cold",
      "skylands:ocean_floor/patch_dirt_cold",
      "skylands:ocean_floor/patch_clay_cold",
	  "skylands:ocean_floor/magma_cold",
      "minecraft:ore_dirt",
      "minecraft:ore_gravel",
      "skylands:ground/ore_granite",
      "skylands:ground/ore_diorite",
      "skylands:ground/ore_andesite",
      "skylands:ground/ore_coal",
      "skylands:ground/ore_iron",
      "skylands:ground/ore_gold",
      "skylands:ground/ore_redstone",
      "skylands:ground/ore_diamond",
      "skylands:ground/ore_lapis",
      "minecraft:disk_sand",
      "minecraft:disk_clay",
      "minecraft:disk_gravel",
      "skylands:ground/ore_emerald",
	  "skylands:water/puddle",
	  "skylands:mods/ore_amethyst",
	  "skylands:mods/ore_gobber",
	  "skylands:mods/ore_lucky",
	  "skylands:mods/ore_ruby",
	  "skylands:mods/ore_rutile",
	  "skylands:mods/ore_sapphire",
	  "skylands:mods/ore_sg_agate",
	  "skylands:mods/ore_sg_amber",
	  "skylands:mods/ore_sg_amethyst",
	  "skylands:mods/ore_sg_aquamarine",
	  "skylands:mods/ore_sg_chaos",
	  "skylands:mods/ore_sg_garnet",
	  "skylands:mods/ore_sg_green_sapphire",
	  "skylands:mods/ore_sg_hardened_end_stone",
	  "skylands:mods/ore_sg_hardened_netherrack",
	  "skylands:mods/ore_sg_hardened_stone",
	  "skylands:mods/ore_sg_heliodor",
	  "skylands:mods/ore_sg_morganite",
	  "skylands:mods/ore_sg_onyx",
	  "skylands:mods/ore_sg_opal",
	  "skylands:mods/ore_sg_peridot",
	  "skylands:mods/ore_sg_phosphophyllite",
	  "skylands:mods/ore_sg_ruby",
	  "skylands:mods/ore_sg_sapphire",
	  "skylands:mods/ore_sg_tanzanite",
	  "skylands:mods/ore_sg_topaz",
	  "skylands:mods/ore_teslatite",
	  "skylands:mods/ore_tungsten",
	  "skylands:mods/ore_wolframite"
    ],
    [
      "skylands:ground/ore_infested"
    ],
    [
	  "skylands:plants/patch_waterlilly",
      "minecraft:patch_large_fern",
      "skylands:plants/trees_giant",
      "minecraft:flower_default",
      "minecraft:patch_grass_taiga",
      "minecraft:patch_dead_bush",
      "minecraft:brown_mushroom_giant",
      "minecraft:red_mushroom_giant",
      "minecraft:brown_mushroom_normal",
      "minecraft:red_mushroom_normal",
      "minecraft:patch_sugar_cane",
      "minecraft:patch_pumpkin",
      "minecraft:spring_water",
      "minecraft:spring_lava",
      "minecraft:patch_berry_sparse",
      "minecraft:seagrass_cold",
      "minecraft:seagrass_simple",
      "minecraft:kelp_cold"
    ],
    [
      "minecraft:freeze_top_layer"
    ]
  ],
  "starts": [
    "minecraft:shipwreck",
    "minecraft:ocean_ruin_cold",
    "minecraft:monument",
    "minecraft:stronghold",
    "minecraft:ruined_portal",
    "minecraft:buried_treasure"
  ],
  "spawners": {
    "monster": [
      {
        "type": "minecraft:spider",
        "weight": 100,
        "minCount": 4,
        "maxCount": 4
      },
      {
        "type": "minecraft:zombie",
        "weight": 100,
        "minCount": 4,
        "maxCount": 4
      },
      {
        "type": "minecraft:zombie_villager",
        "weight": 25,
        "minCount": 1,
        "maxCount": 1
      },
      {
        "type": "minecraft:skeleton",
        "weight": 100,
        "minCount": 4,
        "maxCount": 4
      },
      {
        "type": "minecraft:creeper",
        "weight": 100,
        "minCount": 4,
        "maxCount": 4
      },
      {
        "type": "minecraft:slime",
        "weight": 100,
        "minCount": 4,
        "maxCount": 4
      },
      {
        "type": "minecraft:enderman",
        "weight": 10,
        "minCount": 1,
        "maxCount": 4
      },
      {
        "type": "minecraft:witch",
        "weight": 5,
        "minCount": 1,
        "maxCount": 1
      },
      {
        "type": "minecraft:drowned",
        "weight": 8,
        "minCount": 1,
        "maxCount": 2
      }
    ],
    "creature": [
      {
        "type": "minecraft:sheep",
        "weight": 12,
        "minCount": 4,
        "maxCount": 4
      },
      {
        "type": "minecraft:pig",
        "weight": 10,
        "minCount": 4,
        "maxCount": 4
      },
      {
        "type": "minecraft:chicken",
        "weight": 10,
        "minCount": 4,
        "maxCount": 4
      },
      {
        "type": "minecraft:cow",
        "weight": 8,
        "minCount": 4,
        "maxCount": 4
      },
      {
        "type": "minecraft:wolf",
        "weight": 8,
        "minCount": 4,
        "maxCount": 4
      },
      {
        "type": "minecraft:rabbit",
        "weight": 4,
        "minCount": 2,
        "maxCount": 3
      },
      {
        "type": "minecraft:fox",
        "weight": 8,
        "minCount": 2,
        "maxCount": 4
      }
    ],
    "ambient": [
      {
        "type": "minecraft:bat",
        "weight": 10,
        "minCount": 8,
        "maxCount": 8
      }
    ],
    "water_creature": [
      {
        "type": "minecraft:squid",
        "weight": 3,
        "minCount": 1,
        "maxCount": 4
      }
    ],
    "water_ambient": [
      {
        "type": "minecraft:cod",
        "weight": 15,
        "minCount": 3,
        "maxCount": 6
      },
      {
        "type": "minecraft:salmon",
        "weight": 15,
        "minCount": 1,
        "maxCount": 5
      }
    ],
    "misc": []
  },
  "spawn_costs": {},
  "player_spawn_friendly": false,
  "precipitation": "rain",
  "temperature": 0.25,
  "downfall": 0.8,
  "category": "ocean",
  "depth": 0.0
}