{
  "config": {
    "feature": {
      "config": {
        "features": [
          {
            "feature": "skylands:plants/huge_brown_mushroom",
            "chance": 0.025
          },
          {
            "feature": "skylands:plants/huge_red_mushroom",
            "chance": 0.05
          },
          {
            "feature": "skylands:plants/dark_oak",
            "chance": 0.6666667
          },
          {
            "feature": "skylands:plants/oak",
            "chance": 0.2
          },
          {
            "feature": "skylands:plants/fancy_oak",
            "chance": 0.1
          }
        ],
        "default": "skylands:plants/swamp_tree"
      },
      "type": "minecraft:random_selector"
    },
    "decorator": {
      "config": {},
      "type": "minecraft:dark_oak_tree"
    }
  },
  "type": "minecraft:decorated"
}