{
  "config": {
    "feature": {
      "config": {
        "feature": {
          "config": {
            "feature": {
              "config": {
                "state_1": { "Name": "minecraft:blue_ice" },
                "state_2": { "Name": "minecraft:ice" }
              },
              "type": "ultra_amplified_dimension:non_liquid_waterfall"
            },
            "decorator": {
              "config": {
                "bottom_offset": 75,
                "top_offset": 0,
                "maximum": 150
              },
              "type": "minecraft:range_biased"
            }
          },
          "type": "minecraft:decorated"
        },
        "decorator": {
          "config": {},
          "type": "minecraft:square"
        }
      },
      "type": "minecraft:decorated"
    },
    "decorator": {
      "config": {
        "count": 36,
        "extra_chance": 0,
        "extra_count": 0
      },
      "type": "minecraft:count_extra"
    }
  },
  "type": "minecraft:decorated"
}