{
  "config": {
    "feature": {
      "config": {
        "feature": {
          "config": {},
          "type": "ultra_amplified_dimension:nether_lava_spot"
        },
        "decorator": {
          "config": {
            "yoffset": 0
          },
          "type": "ultra_amplified_dimension:y_offset_placer"
        }
      },
      "type": "minecraft:decorated"
    },
    "decorator": {
      "config": {
        "column_passes": 5,
        "valid_spot_chance": 0.9,
        "skip_top_ledge": false,
        "underside_only": false
      },
      "type": "ultra_amplified_dimension:ledge_surface_placer"
    }
  },
  "type": "minecraft:decorated"
}