{
  "config": {
    "feature": {
      "config": {
        "feature": {
          "config": {
            "target": {
              "block": "minecraft:grass_block",
              "predicate_type": "minecraft:block_match"
            },
            "state": {
              "Name": "minecraft:coarse_dirt"
            },
            "size": 32
          },
          "type": "minecraft:ore"
        },
        "decorator": {
          "config": {
            "outer": {
              "config": {},
              "type": "minecraft:square"
            },
            "inner": {
              "config": {},
              "type": "minecraft:heightmap"
            }
          },
          "type": "minecraft:decorated"
        }
      },
      "type": "minecraft:decorated"
    },
    "decorator": {
      "config": {
        "count": 16
      },
      "type": "minecraft:count"
    }
  },
  "type": "minecraft:decorated"
}
