{
  "type": "minecraft:overworld",
  "generator": {
    "biome_source": {
      "seed": 0,
      "large_biomes": false,
      "type": "minecraft:multi_noise",
	  "humidity_noise": {
		"firstOctave": -9,
		"amplitudes": [
		1.0,
		1.0
		]
	  },
	  "altitude_noise": {
		"firstOctave": -8,
		"amplitudes": [
		1.0,
		1.0
		]
	  },
	  "weirdness_noise": {
		"firstOctave": -10,
		"amplitudes": [
		1.0,
		1.0
		]
	  },
	  "temperature_noise": {
		"firstOctave": -9,
		"amplitudes": [
		1.0,
		1.0
		]
	  },
	  "biomes": [
		{
			"biome": "skylands:frozen_tundra",
			"parameters": {
				"temperature": -0.5,
				"humidity": -0.5,
				"altitude": 0.0,
				"weirdness": 0.0,
				"offset": 0.0
			}
		},
		{
			"biome": "skylands:boreal_desert",
			"parameters": {
				"temperature": -0.25,
				"humidity": -0.5,
				"altitude": 0.0,
				"weirdness": 0.0,
				"offset": 0.0
			}
		},
		{
			"biome": "skylands:temperate_birch_forest",
			"parameters": {
				"temperature": 0.0,
				"humidity": -0.5,
				"altitude": 0.0,
				"weirdness": 0.0,
				"offset": 0.0
			}
		},
		{
			"biome": "skylands:temperate_grassland",
			"parameters": {
				"temperature": 0.25,
				"humidity": -0.5,
				"altitude": 0.0,
				"weirdness": 0.0,
				"offset": 0.0
			}
		},
		{
			"biome": "skylands:tropical_desert",
			"parameters": {
				"temperature": 0.5,
				"humidity": -0.5,
				"altitude": 0.0,
				"weirdness": 0.0,
				"offset": 0.0
			}
		},
		{
			"biome": "skylands:frozen_shrubland",
			"parameters": {
				"temperature": -0.5,
				"humidity": 0.0,
				"altitude": 0.0,
				"weirdness": 0.0,
				"offset": 0.0
			}
		},
		{
			"biome": "skylands:boreal_forest",
			"parameters": {
				"temperature": -0.25,
				"humidity": 0.0,
				"altitude": 0.0,
				"weirdness": 0.0,
				"offset": 0.0
			}
		},
		{
			"biome": "skylands:temperate_mixed_forest",
			"parameters": {
				"temperature": 0.0,
				"humidity": 0.0,
				"altitude": 0.0,
				"weirdness": 0.0,
				"offset": 0.0
			}
		},
		{
			"biome": "skylands:flowery_grassland",
			"parameters": {
				"temperature": 0.25,
				"humidity": 0.0,
				"altitude": 0.0,
				"weirdness": 0.0,
				"offset": 0.0
			}
		},
		{
			"biome": "skylands:tropical_grassland",
			"parameters": {
				"temperature": 0.5,
				"humidity": 0.0,
				"altitude": 0.0,
				"weirdness": 0.0,
				"offset": 0.0
			}
		},
		{
			"biome": "skylands:frozen_taiga",
			"parameters": {
				"temperature": -0.5,
				"humidity": 0.5,
				"altitude": 0.0,
				"weirdness": 0.0,
				"offset": 0.0
			}
		},
		{
			"biome": "skylands:boreal_rainforest",
			"parameters": {
				"temperature": -0.25,
				"humidity": 0.5,
				"altitude": 0.0,
				"weirdness": 0.0,
				"offset": 0.0
			}
		},
		{
			"biome": "skylands:marshland",
			"parameters": {
				"temperature": 0.0,
				"humidity": 0.5,
				"altitude": 0.0,
				"weirdness": 0.0,
				"offset": 0.0
			}
		},
		{
			"biome": "skylands:temperate_rainforest",
			"parameters": {
				"temperature": 0.25,
				"humidity": 0.5,
				"altitude": 0.0,
				"weirdness": 0.0,
				"offset": 0.0
			}
		},
		{
			"biome": "skylands:tropical_rainforest",
			"parameters": {
				"temperature": 0.5,
				"humidity": 0.5,
				"altitude": 0.0,
				"weirdness": 0.0,
				"offset": 0.0
			}
		},
		{
			"biome": "skylands:faux_end",
			"parameters": {
				"temperature": 0.0,
				"humidity": 0.0,
				"altitude": 1.0,
				"weirdness": -1.0,
				"offset": 1.0
			}
		},
		{
			"biome": "skylands:badlands_mesa",
			"parameters": {
				"temperature": 0.5,
				"humidity": -0.5,
				"altitude": 1.0,
				"weirdness": 0.5,
				"offset": 0.5
			}
		},
		{
			"biome": "skylands:barren_mesa",
			"parameters": {
				"temperature": 0.0,
				"humidity": 0.0,
				"altitude": 1.0,
				"weirdness": 0.5,
				"offset": 0.25
			}
		},
		{
			"biome": "skylands:crystal_mesa",
			"parameters": {
				"temperature": -0.5,
				"humidity": 0.5,
				"altitude": 1.0,
				"weirdness": 0.5,
				"offset": 0.75
			}
		},
		{
			"biome": "skylands:prismarine_mesa",
			"parameters": {
				"temperature": -0.25,
				"humidity": -0.5,
				"altitude": -1.0,
				"weirdness": -0.5,
				"offset": 0.75
			}
		},
		{
			"biome": "skylands:mycelium_mesa",
			"parameters": {
				"temperature": 0.25,
				"humidity": 0.5,
				"altitude": -1.0,
				"weirdness": -0.5,
				"offset": 0.5
			}
		},
	    {
			"biome": "skylands:faux_soul_sand_valley",
			"parameters": {
				"temperature": 0.25,
				"humidity": -0.5,
				"altitude": -1.0,
				"weirdness": 1.0,
				"offset": 0.75
			}
		},
		{
			"biome": "skylands:faux_basalt_deltas",
			"parameters": {
				"temperature": 0.0,
				"humidity": 0.0,
				"altitude": -1.0,
				"weirdness": 1.0,
				"offset": 1.0
			}
		},
		{
			"biome": "skylands:faux_nether_wastes",
			"parameters": {
				"temperature": 0.25,
				"humidity": 0.0,
				"altitude": -1.0,
				"weirdness": 1.0,
				"offset": 0.75
			}
		},
		{
			"biome": "skylands:faux_crimson_forest",
			"parameters": {
				"temperature": 0.5,
				"humidity": 0.0,
				"altitude": -1.0,
				"weirdness": 1.0,
				"offset": 0.75
			}
		},
		{
			"biome": "skylands:faux_warped_forest",
			"parameters": {
				"temperature": 0.25,
				"humidity": 0.5,
				"altitude": -1.0,
				"weirdness": 1.0,
				"offset": 1.0
			}
		}
	  ]
    },
    "seed": 0,
    "settings": "minecraft:overworld",
    "type": "minecraft:noise"
  }
}