{
	"type":"minecraft:block",
	"pools":
	[
	{
		"name":"pool1",
		"rolls":1,
		"entries":
		[
		{
			"type":"minecraft:alternatives",
			"children":[
				{
					"type":"minecraft:item",
					"conditions":[
						{
							"condition":"minecraft:match_tool",
							"predicate":
							{
								"enchantments":[
									{
										"enchantment":"minecraft:silk_touch",
										"levels":{
											"min":1
										}
									}
								]
							}
						}
					],
					"name":"ultra_amplified_dimension:glowstone_ore"
				},
				{
					"type":"minecraft:item",
					"functions": [
               		 {
		                  "function": "minecraft:set_count",
		                  "count": {
			                    "min": 2.0,
			                    "max": 2.0,
			                    "type": "minecraft:uniform"
		                  }
                	},
	                {
		                  "function": "minecraft:apply_bonus",
		                  "enchantment": "minecraft:fortune",
		                  "formula": "minecraft:uniform_bonus_count",
		                  "parameters": {
		                   		"bonusMultiplier": 1
		                  }
	                },
	                {
		                  "function": "minecraft:limit_count",
		                  "limit": {
			                    "max": 4,
			                    "min": 1
		                  }
	                },
	                {
	                  "function": "minecraft:explosion_decay"
	                }
	              ],
					"name":"minecraft:glowstone_dust"
				}
			]
		}
		],
		"conditions":
		[
			{
				"condition":"minecraft:survives_explosion"
			}
		]
	},
	{
		"name":"pool2",
		"rolls":1,
		"entries":
		[
		{
			"type":"minecraft:alternatives",
			"children":[
				{
					"type":"minecraft:item",
					"conditions":[
						{
							"condition":"minecraft:match_tool",
							"predicate":
							{
								"enchantments":[
									{
										"enchantment":"minecraft:silk_touch",
										"levels":{
											"min":1
										}
									}
								]
							}
						}
					],
			        "functions": [
			           {
			              "function": "minecraft:set_count",
			              "count": {
			                "min": 0.0,
			                "max": 0.0,
			                "type": "minecraft:uniform"
			              }
			           }
          			],
					"name":"minecraft:stone"
				},
				{
					"type":"minecraft:item",
					"name":"minecraft:cobblestone"
				}
			]
		}
		],
		"conditions":
		[
			{
				"condition":"minecraft:survives_explosion"
			}
		]
	}
	]
}