{
  "kits": {
    "tools": {
      "duration": 3600,
      "items": [
        {
          "name": "minecraft:stone_sword",
          "quantity": 1,
          "nbt": "{Enchantments:[{id:\"minecraft:sharpness\",lvl:3},{id:\"minecraft:unbreaking\",lvl:2}],Tags:[\"/kit tools\"],display:{Name:\"{\\\"text\\\":\\\"/kit tools\\\"}\"}}"
        },
        {
          "name": "minecraft:stone_pickaxe",
          "quantity": 1,
          "nbt": "{Enchantments:[{id:\"minecraft:efficiency\",lvl:3},{id:\"minecraft:unbreaking\",lvl:2}],Tags:[\"/kit tools\"],display:{Name:\"{\\\"text\\\":\\\"/kit tools\\\"}\"}}"
        },
        {
          "name": "minecraft:stone_axe",
          "quantity": 1,
          "nbt": "{Enchantments:[{id:\"minecraft:efficiency\",lvl:3},{id:\"minecraft:unbreaking\",lvl:2}],Tags:[\"/kit tools\"],display:{Name:\"{\\\"text\\\":\\\"/kit tools\\\"}\"}}"
        },
        {
          "name": "minecraft:stone_shovel",
          "quantity": 1,
          "nbt": "{Enchantments:[{id:\"minecraft:efficiency\",lvl:3},{id:\"minecraft:unbreaking\",lvl:2}],Tags:[\"/kit tools\"],display:{Name:\"{\\\"text\\\":\\\"/kit tools\\\"}\"}}"
        },
        {
          "name": "minecraft:cooked_porkchop",
          "quantity": 32,
          "nbt": ""
        },
        {
          "name": "minecraft:torch",
          "quantity": 16,
          "nbt": ""
        },
        {
          "name": "minecraft:iron_chestplate",
          "quantity": 1,
          "nbt": ""
        },
        {
          "name": "minecraft:iron_leggings",
          "quantity": 1,
          "nbt": ""
        },
        {
          "name": "minecraft:iron_helmet",
          "quantity": 1,
          "nbt": ""
        },
        {
          "name": "minecraft:iron_boots",
          "quantity": 1,
          "nbt": ""
        },
        {
          "name": "minecraft:shield",
          "quantity": 1,
          "nbt": ""
        },
        {
          "name": "pickletweaks:magnet",
          "quantity": 1,
          "nbt": ""
        },
        {
          "name": "usefulbackpacks:backpack_small",
          "quantity": 1,
          "nbt": ""
        }
      ]
    }
  }
}